[
 {"qId": "wqr000000", "freebaseKey": "justin_bieber"},
 {"qId": "wqr000020", "freebaseKey": "bali"},
 {"qId": "wqr000040", "freebaseKey": "cher"},
 {"qId": "wqr000060", "freebaseKey": "portuguese"},
 {"qId": "wqr000080", "freebaseKey": "vincent_van_gogh"},
 {"qId": "wqr000100", "freebaseKey": "oscar_pistorius"},
 {"qId": "wqr000120", "freebaseKey": "meg_griffin"},
 {"qId": "wqr000140", "freebaseKey": "arizona_cardinals"},
 {"qId": "wqr000160", "freebaseKey": "paul_of_tarsus"},
 {"qId": "wqr000180", "freebaseKey": "united_kingdom"},
 {"qId": "wqr000200", "freebaseKey": "kevjumba"},
 {"qId": "wqr000220", "freebaseKey": "brazil"},
 {"qId": "wqr000240", "freebaseKey": "san_francisco"},
 {"qId": "wqr000260", "freebaseKey": "riannah"},
 {"qId": "wqr000280", "freebaseKey": "kakadu_national_park"},
 {"qId": "wqr000300", "freebaseKey": "ottoman_empire"},
 {"qId": "wqr000320", "freebaseKey": "tom_cruise"},
 {"qId": "wqr000340", "freebaseKey": "london"},
 {"qId": "wqr000360", "freebaseKey": "kate_winslet"},
 {"qId": "wqr000380", "freebaseKey": "pavlova"},
 {"qId": "wqr000400", "freebaseKey": "harvard_college"},
 {"qId": "wqr000420", "freebaseKey": "al_gore"},
 {"qId": "wqr000440", "freebaseKey": "washington_redskins"},
 {"qId": "wqr000460", "freebaseKey": "rome"},
 {"qId": "wqr000480", "freebaseKey": "kris_humphries"},
 {"qId": "wqr000500", "freebaseKey": "ernest_shackleton"},
 {"qId": "wqr000520", "freebaseKey": "islam"},
 {"qId": "wqr000540", "freebaseKey": "pixar"},
 {"qId": "wqr000560", "freebaseKey": "national_collegiate_athletic_association"},
 {"qId": "wqr000580", "freebaseKey": "taylor_lautner"},
 {"qId": "wqr000600", "freebaseKey": "rukia_kuchiki"},
 {"qId": "wqr000620", "freebaseKey": "kurt_busch"},
 {"qId": "wqr000640", "freebaseKey": "chris_paul"},
 {"qId": "wqr000660", "freebaseKey": "justin_bieber"},
 {"qId": "wqr000680", "freebaseKey": "kurdish_people"},
 {"qId": "wqr000700", "freebaseKey": "juni_cortez"},
 {"qId": "wqr000720", "freebaseKey": "united_states"},
 {"qId": "wqr000740", "freebaseKey": "martin_luther_king_jr"},
 {"qId": "wqr000760", "freebaseKey": "germany"},
 {"qId": "wqr000780", "freebaseKey": "arabic_language"},
 {"qId": "wqr000800", "freebaseKey": "lake_waynoka"},
 {"qId": "wqr000820", "freebaseKey": "kia_motors"},
 {"qId": "wqr000840", "freebaseKey": "moorpark"},
 {"qId": "wqr000860", "freebaseKey": "general_motors"},
 {"qId": "wqr000880", "freebaseKey": "richard_nixon"},
 {"qId": "wqr000900", "freebaseKey": "henry_hudson"},
 {"qId": "wqr000920", "freebaseKey": "egyptians"},
 {"qId": "wqr000940", "freebaseKey": "barack_obama"},
 {"qId": "wqr000960", "freebaseKey": "north_dakota"},
 {"qId": "wqr000980", "freebaseKey": "todd_manning"},
 {"qId": "wqr001000", "freebaseKey": "western_abenaki"},
 {"qId": "wqr001020", "freebaseKey": "panama"},
 {"qId": "wqr001040", "freebaseKey": "connecticut_river"},
 {"qId": "wqr001060", "freebaseKey": "susan_saint_james"},
 {"qId": "wqr001080", "freebaseKey": "audrey_hepburn"},
 {"qId": "wqr001100", "freebaseKey": "gautama_buddha"},
 {"qId": "wqr001120", "freebaseKey": "warren_g_harding"},
 {"qId": "wqr001140", "freebaseKey": "germany"},
 {"qId": "wqr001160", "freebaseKey": "george_w_bush"},
 {"qId": "wqr001180", "freebaseKey": "wellsville_missouri"},
 {"qId": "wqr001200", "freebaseKey": "great_britain"},
 {"qId": "wqr001220", "freebaseKey": "chicago_bulls"},
 {"qId": "wqr001240", "freebaseKey": "mallorca"},
 {"qId": "wqr001260", "freebaseKey": "robert_f_kennedy"},
 {"qId": "wqr001280", "freebaseKey": "naples_florida"},
 {"qId": "wqr001300", "freebaseKey": "argentina"},
 {"qId": "wqr001320", "freebaseKey": "virgin_america"},
 {"qId": "wqr001340", "freebaseKey": "google"},
 {"qId": "wqr001360", "freebaseKey": "paris"},
 {"qId": "wqr001380", "freebaseKey": "julia_gillard"},
 {"qId": "wqr001400", "freebaseKey": "jacob_black"},
 {"qId": "wqr001420", "freebaseKey": "thailand"},
 {"qId": "wqr001440", "freebaseKey": "mary_jane_watson"},
 {"qId": "wqr001460", "freebaseKey": "lois_griffin"},
 {"qId": "wqr001480", "freebaseKey": "houston"},
 {"qId": "wqr001500", "freebaseKey": "annie_leibovitz"},
 {"qId": "wqr001520", "freebaseKey": "trenton_ohio"},
 {"qId": "wqr001540", "freebaseKey": "kobe_bryant"},
 {"qId": "wqr001560", "freebaseKey": "charles_darwin"},
 {"qId": "wqr001580", "freebaseKey": "jane_austen"},
 {"qId": "wqr001600", "freebaseKey": "alhambra"},
 {"qId": "wqr001620", "freebaseKey": "germany"},
 {"qId": "wqr001640", "freebaseKey": "francisco_pizarro"},
 {"qId": "wqr001660", "freebaseKey": "mount_baldy_california"},
 {"qId": "wqr001680", "freebaseKey": "baltimore_ravens"},
 {"qId": "wqr001700", "freebaseKey": "stella_artois"},
 {"qId": "wqr001720", "freebaseKey": "cameron_newton"},
 {"qId": "wqr001740", "freebaseKey": "neil_armstrong"},
 {"qId": "wqr001760", "freebaseKey": "marco_polo"},
 {"qId": "wqr001780", "freebaseKey": "brazil"},
 {"qId": "wqr001800", "freebaseKey": "muharram"},
 {"qId": "wqr001820", "freebaseKey": "mexico"},
 {"qId": "wqr001840", "freebaseKey": "abraham_lincoln"},
 {"qId": "wqr001860", "freebaseKey": "kirk_cameron"},
 {"qId": "wqr001880", "freebaseKey": "abraham_lincoln"},
 {"qId": "wqr001900", "freebaseKey": "afghanistan"},
 {"qId": "wqr001920", "freebaseKey": "chowchilla"},
 {"qId": "wqr001940", "freebaseKey": "brian_williams"},
 {"qId": "wqr001960", "freebaseKey": "sage_stallone"},
 {"qId": "wqr001980", "freebaseKey": "mars"},
 {"qId": "wqr002000", "freebaseKey": "france"},
 {"qId": "wqr002020", "freebaseKey": "eli_whitney"},
 {"qId": "wqr002040", "freebaseKey": "us_1_cent"},
 {"qId": "wqr002060", "freebaseKey": "spain"},
 {"qId": "wqr002080", "freebaseKey": "vincent_van_gogh"},
 {"qId": "wqr002100", "freebaseKey": "brembo"},
 {"qId": "wqr002120", "freebaseKey": "gregor_mendel"},
 {"qId": "wqr002140", "freebaseKey": "brittany_murphy"},
 {"qId": "wqr002160", "freebaseKey": "robert_hooke"},
 {"qId": "wqr002180", "freebaseKey": "arthur_conan_doyle"},
 {"qId": "wqr002200", "freebaseKey": "burne_hogarth"},
 {"qId": "wqr002220", "freebaseKey": "new_york_yankees"},
 {"qId": "wqr002240", "freebaseKey": "dominican_republic"},
 {"qId": "wqr002260", "freebaseKey": "william_howard_taft"},
 {"qId": "wqr002280", "freebaseKey": "united_staff"},
 {"qId": "wqr002300", "freebaseKey": "dr_seuss"},
 {"qId": "wqr002320", "freebaseKey": "fa_cup"},
 {"qId": "wqr002340", "freebaseKey": "eli_whitney"},
 {"qId": "wqr002360", "freebaseKey": "emmitt_smith"},
 {"qId": "wqr002380", "freebaseKey": "karl_marx"},
 {"qId": "wqr002400", "freebaseKey": "indiana_jones"},
 {"qId": "wqr002420", "freebaseKey": "islam"},
 {"qId": "wqr002440", "freebaseKey": "peter_griffin"},
 {"qId": "wqr002460", "freebaseKey": "israel"},
 {"qId": "wqr002480", "freebaseKey": "toronto"},
 {"qId": "wqr002500", "freebaseKey": "zach_galifianakis"},
 {"qId": "wqr002520", "freebaseKey": "gregor_mendel"},
 {"qId": "wqr002540", "freebaseKey": "claude_monet"},
 {"qId": "wqr002560", "freebaseKey": "united_kingdom"},
 {"qId": "wqr002580", "freebaseKey": "hogwarts"},
 {"qId": "wqr002600", "freebaseKey": "whitney_houston"},
 {"qId": "wqr002620", "freebaseKey": "amazon_com"},
 {"qId": "wqr002640", "freebaseKey": "john_donne"},
 {"qId": "wqr002660", "freebaseKey": "rottweiler"},
 {"qId": "wqr002680", "freebaseKey": "abraham_lincoln"},
 {"qId": "wqr002700", "freebaseKey": "hungary"},
 {"qId": "wqr002720", "freebaseKey": "joe_montana"},
 {"qId": "wqr002740", "freebaseKey": "jumanji_1995"},
 {"qId": "wqr002760", "freebaseKey": "arizona_diamondbacks"},
 {"qId": "wqr002780", "freebaseKey": "riddell"},
 {"qId": "wqr002800", "freebaseKey": "matthew_bomer"},
 {"qId": "wqr002820", "freebaseKey": "roger_sherman"},
 {"qId": "wqr002840", "freebaseKey": "christina_aguilera"},
 {"qId": "wqr002860", "freebaseKey": "jamaica"},
 {"qId": "wqr002880", "freebaseKey": "anne_frank"},
 {"qId": "wqr002900", "freebaseKey": "minnesota"},
 {"qId": "wqr002920", "freebaseKey": "frida_kahlo"},
 {"qId": "wqr002940", "freebaseKey": "jordan_river"},
 {"qId": "wqr002960", "freebaseKey": "francois_duvalier"},
 {"qId": "wqr002980", "freebaseKey": "japan"},
 {"qId": "wqr003000", "freebaseKey": "china"},
 {"qId": "wqr003020", "freebaseKey": "irish_people"},
 {"qId": "wqr003040", "freebaseKey": "burmese_language"},
 {"qId": "wqr003060", "freebaseKey": "metallica"},
 {"qId": "wqr003080", "freebaseKey": "arab-israeli_conflict"},
 {"qId": "wqr003100", "freebaseKey": "dominican_republic"},
 {"qId": "wqr003120", "freebaseKey": "master"},
 {"qId": "wqr003140", "freebaseKey": "iran"},
 {"qId": "wqr003160", "freebaseKey": "brazil"},
 {"qId": "wqr003180", "freebaseKey": "spain"},
 {"qId": "wqr003200", "freebaseKey": "heisman_trophy"},
 {"qId": "wqr003220", "freebaseKey": "michael_buble"},
 {"qId": "wqr003240", "freebaseKey": "juan_ponce_de_leon"},
 {"qId": "wqr003260", "freebaseKey": "vietnam"},
 {"qId": "wqr003280", "freebaseKey": "pittsburgh_steelers"},
 {"qId": "wqr003300", "freebaseKey": "riannah"},
 {"qId": "wqr003320", "freebaseKey": "kfc"},
 {"qId": "wqr003340", "freebaseKey": "chicago"},
 {"qId": "wqr003360", "freebaseKey": "austraila"},
 {"qId": "wqr003380", "freebaseKey": "ukraine"},
 {"qId": "wqr003400", "freebaseKey": "stewie_griffin"},
 {"qId": "wqr003420", "freebaseKey": "barcelona"},
 {"qId": "wqr003440", "freebaseKey": "venice"},
 {"qId": "wqr003460", "freebaseKey": "france"},
 {"qId": "wqr003480", "freebaseKey": "mary_kay"},
 {"qId": "wqr003500", "freebaseKey": "simba"},
 {"qId": "wqr003520", "freebaseKey": "ford_motor_company"},
 {"qId": "wqr003540", "freebaseKey": "new_york_mets"},
 {"qId": "wqr003560", "freebaseKey": "timothy"},
 {"qId": "wqr003580", "freebaseKey": "fred_west"},
 {"qId": "wqr003600", "freebaseKey": "nelson_mandela"},
 {"qId": "wqr003620", "freebaseKey": "panama"},
 {"qId": "wqr003640", "freebaseKey": "austraila"},
 {"qId": "wqr003660", "freebaseKey": "southwest_airlines"},
 {"qId": "wqr003680", "freebaseKey": "new_zealand"},
 {"qId": "wqr003700", "freebaseKey": "canada"},
 {"qId": "wqr003720", "freebaseKey": "netherlands"},
 {"qId": "wqr003740", "freebaseKey": "canada"},
 {"qId": "wqr003760", "freebaseKey": "angelina_jolie"}
]
