[
 {"entities": [["justin bieber", "PERSON"], ["the name of justin bieber brother", "NP"], ["the name", "NP"], ["justin bieber brother", "NP"]], "qId": "wqr000000"},
 {"entities": [["bali", "LOCATION"], ["bali", "NP"]], "qId": "wqr000020"},
 {"entities": [["cher", "PERSON"], ["cher 's son 's name", "NP"], ["cher 's son 's", "NP"], ["cher 's", "NP"]], "qId": "wqr000040"},
 {"entities": [["portuguese", "MISC"], ["people", "NP"], ["portuguese", "NP"]], "qId": "wqr000060"},
 {"entities": [["vincent van gogh", "PERSON"], ["vincent van gogh", "NP"]], "qId": "wqr000080"},
 {"entities": [["will oscar pistorius", "PERSON"], ["oscar pistorius", "NP"]], "qId": "wqr000100"},
 {"entities": [["meg", "PERSON"], ["meg in family guy", "NP"], ["meg", "NP"], ["family guy", "NP"]], "qId": "wqr000120"},
 {"entities": [["chicago cardinals", "ORGANIZATION"], ["the chicago cardinals", "NP"]], "qId": "wqr000140"},
 {"entities": [["paul", "PERSON"], ["the apostle paul", "NP"]], "qId": "wqr000160"},
 {"entities": [["united kingdom", "LOCATION"], ["part of the united kingdom", "NP"], ["part", "NP"], ["the united kingdom", "NP"]], "qId": "wqr000180"},
 {"entities": [["kevjumba", "PERSON"], ["kevjumba", "NP"]], "qId": "wqr000200"},
 {"entities": [["brazil", "LOCATION"], ["sort of government", "NP"], ["government", "NP"], ["brazil", "NP"]], "qId": "wqr000220"},
 {"entities": [["year", "DURATION"], ["san francisco", "LOCATION"], ["the great san francisco fire", "NP"]], "qId": "wqr000240"},
 {"entities": [["rihanna", "PERSON"], ["rihanna", "NP"]], "qId": "wqr000260"},
 {"entities": [["kakadu", "LOCATION"], ["the kakadu national park", "NP"]], "qId": "wqr000280"},
 {"entities": [["ottoman", "MISC"], ["the ottoman empire", "NP"]], "qId": "wqr000300"},
 {"entities": [["tom cruise", "PERSON"], ["tom cruise", "NP"]], "qId": "wqr000320"},
 {"entities": [["london", "LOCATION"], ["you", "NP"], ["london", "NP"]], "qId": "wqr000340"},
 {"entities": [["kate winslet", "PERSON"], ["kate winslet", "NP"], ["an oscar", "NP"]], "qId": "wqr000360"},
 {"entities": [["pavlova", "PERSON"], ["pavlova", "NP"]], "qId": "wqr000380"},
 {"entities": [["harvard college", "ORGANIZATION"], ["harvard college", "NP"]], "qId": "wqr000400"},
 {"entities": [["al gore", "PERSON"], ["al gore", "NP"]], "qId": "wqr000420"},
 {"entities": [["washington redskins", "ORGANIZATION"], ["first", "ORDINAL"], ["the first name of the washington redskins", "NP"], ["the first name", "NP"], ["the washington redskins", "NP"]], "qId": "wqr000440"},
 {"entities": [["rome", "LOCATION"], ["fall", "DATE"]], "qId": "wqr000460"},
 {"entities": [["kris humphries", "PERSON"], ["kris humphries", "NP"], ["the nba", "NP"]], "qId": "wqr000480"},
 {"entities": [["ernest shackleton", "PERSON"], ["sir ernest shackleton", "NP"]], "qId": "wqr000500"},
 {"entities": [["islamic", "MISC"], ["the islamic worship", "NP"]], "qId": "wqr000520"},
 {"entities": [["pixar", "ORGANIZATION"], ["pixar", "NP"]], "qId": "wqr000540"},
 {"entities": [["ncaa", "ORGANIZATION"], ["there", "NP"], ["the ncaa football", "NP"]], "qId": "wqr000560"},
 {"entities": [["taylor lautner", "PERSON"], ["movies", "NP"], ["taylor lautner", "NP"]], "qId": "wqr000580"},
 {"entities": [["rukia", "PERSON"], ["rukia", "NP"]], "qId": "wqr000600"},
 {"entities": [["kurt busch", "PERSON"], ["now", "DATE"], ["kurt busch", "NP"], ["now", "NP"]], "qId": "wqr000620"},
 {"entities": [["chris paul", "PERSON"], ["chris paul", "NP"]], "qId": "wqr000640"},
 {"entities": [["justin bieber", "PERSON"], ["2012", "DATE"], ["justin bieber 2012", "NP"]], "qId": "wqr000660"},
 {"entities": [["kurds", "MISC"], ["kurds", "NP"]], "qId": "wqr000680"},
 {"entities": [["4", "NUMBER"], ["juni", "PERSON"], ["juni in spy kids", "NP"], ["juni", "NP"], ["spy kids", "NP"], ["4", "NP"]], "qId": "wqr000700"},
 {"entities": [["united states", "LOCATION"], ["the major imports of the united states", "NP"], ["the major imports", "NP"], ["the united states", "NP"]], "qId": "wqr000720"},
 {"entities": [["martin luther king junior", "PERSON"], ["martin luther king junior", "NP"], ["college", "NP"]], "qId": "wqr000740"},
 {"entities": [["germany", "LOCATION"], ["germany", "NP"]], "qId": "wqr000760"},
 {"entities": [["arabic", "MISC"], ["arabic alphabet", "NP"]], "qId": "wqr000780"},
 {"entities": [["lake waynoka ohio", "LOCATION"], ["lake waynoka ohio", "NP"]], "qId": "wqr000800"},
 {"entities": [["kia", "ORGANIZATION"], ["kia car", "NP"]], "qId": "wqr000820"},
 {"entities": [["moorpark", "LOCATION"], ["the zip code for moorpark ca", "NP"], ["the zip code", "NP"], ["moorpark ca", "NP"]], "qId": "wqr000840"},
 {"entities": [["gm", "NP"]], "qId": "wqr000860"},
 {"entities": [["richard nixon", "PERSON"], ["richard nixon", "NP"], ["a living", "NP"], ["he", "NP"], ["president", "NP"]], "qId": "wqr000880"},
 {"entities": [["henry hudson", "PERSON"], ["henry hudson", "NP"]], "qId": "wqr000900"},
 {"entities": [["egyptians", "MISC"], ["egyptians", "NP"]], "qId": "wqr000920"},
 {"entities": [["barack obama", "PERSON"], ["barack obama", "NP"], ["school", "NP"]], "qId": "wqr000940"},
 {"entities": [["north dakota", "LOCATION"], ["north dakota", "NP"]], "qId": "wqr000960"},
 {"entities": [["todd manning", "PERSON"], ["one", "NUMBER"], ["todd manning on one life", "NP"], ["todd manning", "NP"], ["one life", "NP"]], "qId": "wqr000980"},
 {"entities": [["abenaki indians", "MISC"], ["the abenaki indians", "NP"]], "qId": "wqr001000"},
 {"entities": [["panama", "LOCATION"], ["isthmus of panama", "NP"], ["isthmus", "NP"], ["panama", "NP"]], "qId": "wqr001020"},
 {"entities": [["connecticut river", "LOCATION"], ["the connecticut river", "NP"]], "qId": "wqr001040"},
 {"entities": [["susan st james", "PERSON"], ["susan st james", "NP"]], "qId": "wqr001060"},
 {"entities": [["audrey hepburn", "PERSON"], ["audrey hepburn", "NP"]], "qId": "wqr001080"},
 {"entities": [["buddha", "PERSON"], ["the buddha", "NP"]], "qId": "wqr001100"},
 {"entities": [["harding", "PERSON"], ["president", "NP"], ["harding", "NP"]], "qId": "wqr001120"},
 {"entities": [["germany", "LOCATION"], ["the leader of germany in wwii", "NP"], ["the leader", "NP"], ["germany in wwii", "NP"], ["germany", "NP"], ["wwii", "NP"]], "qId": "wqr001140"},
 {"entities": [["george w bush", "PERSON"], ["george w bush", "NP"], ["office", "NP"]], "qId": "wqr001160"},
 {"entities": [["wellsville missouri", "LOCATION"], ["wellsville missouri", "NP"]], "qId": "wqr001180"},
 {"entities": [["great britain", "LOCATION"], ["great britain", "NP"]], "qId": "wqr001200"},
 {"entities": [["chicago bulls", "ORGANIZATION"], ["the last time the chicago bulls won a championship", "NP"], ["the last time", "NP"], ["the chicago bulls", "NP"], ["a championship", "NP"]], "qId": "wqr001220"},
 {"entities": [["mallorca", "LOCATION"], ["mallorca", "NP"]], "qId": "wqr001240"},
 {"entities": [["robert kennedy", "PERSON"], ["robert kennedy", "NP"]], "qId": "wqr001260"},
 {"entities": [["naples florida", "LOCATION"], ["the closest airport to naples florida", "NP"], ["the closest airport", "NP"], ["naples florida", "NP"]], "qId": "wqr001280"},
 {"entities": [["argentina", "LOCATION"], ["they", "NP"], ["argentina yahoo", "NP"]], "qId": "wqr001300"},
 {"entities": [["virgin america", "LOCATION"], ["planes", "NP"], ["virgin america", "NP"]], "qId": "wqr001320"},
 {"entities": [["google", "ORGANIZATION"], ["all", "NP"], ["google", "NP"]], "qId": "wqr001340"},
 {"entities": [["paris", "LOCATION"], ["outside of paris", "NP"], ["outside", "NP"], ["paris", "NP"]], "qId": "wqr001360"},
 {"entities": [["julia gillard", "PERSON"], ["julia gillard", "NP"]], "qId": "wqr001380"},
 {"entities": [["jacob black", "PERSON"], ["jacob black", "NP"]], "qId": "wqr001400"},
 {"entities": [["thailand", "LOCATION"], ["thailand", "NP"]], "qId": "wqr001420"},
 {"entities": [["3", "NUMBER"], ["mary jane", "PERSON"], ["mary jane in spiderman 3", "NP"], ["mary jane", "NP"], ["spiderman 3", "NP"]], "qId": "wqr001440"},
 {"entities": [["lois", "PERSON"], ["the voice of lois from family guy", "NP"], ["the voice", "NP"], ["lois from family guy", "NP"], ["lois", "NP"], ["family guy", "NP"]], "qId": "wqr001460"},
 {"entities": [["houston texas", "LOCATION"], ["houston texas", "NP"]], "qId": "wqr001480"},
 {"entities": [["annie leibovitz", "PERSON"], ["annie leibovitz", "NP"]], "qId": "wqr001500"},
 {"entities": [["trenton ohio", "LOCATION"], ["the zip code for trenton ohio", "NP"], ["the zip code", "NP"], ["trenton ohio", "NP"]], "qId": "wqr001520"},
 {"entities": [["kobe bryant", "PERSON"], ["kobe bryant wife bio", "NP"]], "qId": "wqr001540"},
 {"entities": [["charles darwin", "PERSON"], ["charles darwin", "NP"]], "qId": "wqr001560"},
 {"entities": [["jane austen", "PERSON"], ["jane austen", "NP"]], "qId": "wqr001580"},
 {"entities": [["alhambra", "LOCATION"], ["target in alhambra", "NP"], ["target", "NP"], ["alhambra", "NP"]], "qId": "wqr001600"},
 {"entities": [["germany", "LOCATION"], ["the best places to go in germany", "NP"], ["the best places", "NP"], ["germany", "NP"]], "qId": "wqr001620"},
 {"entities": [["pizarro", "PERSON"], ["pizarro", "NP"]], "qId": "wqr001640"},
 {"entities": [["baldy california", "LOCATION"], ["there", "NP"], ["mt baldy california", "NP"]], "qId": "wqr001660"},
 {"entities": [["2012", "DATE"], ["ravens", "ORGANIZATION"], ["the ravens quarterback 2012", "NP"], ["the ravens quarterback", "NP"], ["2012", "NP"]], "qId": "wqr001680"},
 {"entities": [["stella", "PERSON"], ["stella in coronation street", "NP"], ["stella", "NP"], ["coronation street", "NP"]], "qId": "wqr001700"},
 {"entities": [["cam newton", "PERSON"], ["cam newton", "NP"]], "qId": "wqr001720"},
 {"entities": [["neil", "PERSON"], ["neil", "NP"], ["the moon", "NP"]], "qId": "wqr001740"},
 {"entities": [["marco polo", "PERSON"], ["marco polo 's goals", "NP"], ["marco polo 's", "NP"]], "qId": "wqr001760"},
 {"entities": [["brazil", "LOCATION"], ["brazil", "NP"]], "qId": "wqr001780"},
 {"entities": [["muharram", "LOCATION"], ["start 2011", "DATE"], ["muharram", "NP"], ["2011", "NP"]], "qId": "wqr001800"},
 {"entities": [["mexico", "LOCATION"], ["mexico", "NP"]], "qId": "wqr001820"},
 {"entities": [["lincoln", "PERSON"], ["lincoln", "NP"]], "qId": "wqr001840"},
 {"entities": [["kirk cameron", "PERSON"], ["now", "DATE"], ["kirk cameron", "NP"]], "qId": "wqr001860"},
 {"entities": [["abe lincoln", "PERSON"], ["abe lincoln", "NP"]], "qId": "wqr001880"},
 {"entities": [["right now", "DATE"], ["afghanistan", "LOCATION"], ["afghanistan", "NP"]], "qId": "wqr001900"},
 {"entities": [["chowchilla", "LOCATION"], ["chowchilla", "NP"]], "qId": "wqr001920"},
 {"entities": [["brian williams", "PERSON"], ["brian williams", "NP"]], "qId": "wqr001940"},
 {"entities": [["stallone", "PERSON"], ["the cause of death for sage stallone", "NP"], ["the cause", "NP"], ["death for sage stallone", "NP"], ["death", "NP"], ["sage stallone", "NP"]], "qId": "wqr001960"},
 {"entities": [["mars", "LOCATION"], ["mars", "NP"]], "qId": "wqr001980"},
 {"entities": [["france", "LOCATION"], ["president of france", "NP"], ["president", "NP"], ["france", "NP"]], "qId": "wqr002000"},
 {"entities": [["eli whitney", "PERSON"], ["eli whitney education", "NP"]], "qId": "wqr002020"},
 {"entities": [["american penny", "ORGANIZATION"], ["worth money", "NP"]], "qId": "wqr002040"},
 {"entities": [["spain", "LOCATION"], ["now", "DATE"], ["government", "NP"], ["spain", "NP"], ["now", "NP"]], "qId": "wqr002060"},
 {"entities": [["vincent van gogh", "PERSON"], ["vincent van gogh", "NP"]], "qId": "wqr002080"},
 {"entities": [["brembo", "ORGANIZATION"], ["brembo brakes", "NP"]], "qId": "wqr002100"},
 {"entities": [["mendel", "PERSON"], ["mendel", "NP"]], "qId": "wqr002120"},
 {"entities": [["brittany murphy", "PERSON"], ["brittany murphy", "NP"]], "qId": "wqr002140"},
 {"entities": [["robert hooke", "PERSON"], ["robert hooke 's contributions to science", "NP"], ["robert hooke 's contributions", "NP"], ["robert hooke 's", "NP"], ["science", "NP"]], "qId": "wqr002160"},
 {"entities": [["arthur conan doyle", "PERSON"], ["sir arthur conan doyle", "NP"]], "qId": "wqr002180"},
 {"entities": [["burne hogarth", "PERSON"], ["burne hogarth", "NP"]], "qId": "wqr002200"},
 {"entities": [["years", "DURATION"], ["yankees", "ORGANIZATION"], ["yankees", "NP"], ["championships", "NP"]], "qId": "wqr002220"},
 {"entities": [["dominican republic", "LOCATION"], ["2011", "DATE"], ["current", "DATE"], ["the current president of dominican republic 2011", "NP"], ["the current president", "NP"], ["dominican republic 2011", "NP"]], "qId": "wqr002240"},
 {"entities": [["william howard taft", "PERSON"], ["william howard taft", "NP"], ["high school", "NP"]], "qId": "wqr002260"},
 {"entities": [["united nations organization", "ORGANIZATION"], ["the headquarters of the united nations organization", "NP"], ["the headquarters", "NP"], ["the united nations organization", "NP"]], "qId": "wqr002280"},
 {"entities": [["seuss", "PERSON"], ["dr seuss", "NP"]], "qId": "wqr002300"},
 {"entities": [["fa cup", "MISC"], ["2001", "DATE"], ["2001 fa cup", "NP"]], "qId": "wqr002320"},
 {"entities": [["eli whitney", "PERSON"], ["eli whitney job", "NP"]], "qId": "wqr002340"},
 {"entities": [["emmitt smith", "PERSON"], ["emmitt smith", "NP"]], "qId": "wqr002360"},
 {"entities": [["karl marx", "PERSON"], ["karl marx", "NP"]], "qId": "wqr002380"},
 {"entities": [["indiana jones", "PERSON"], ["indiana jones in raiders of the lost ark", "NP"], ["indiana jones", "NP"], ["raiders of the lost ark", "NP"], ["raiders", "NP"], ["the lost ark", "NP"]], "qId": "wqr002400"},
 {"entities": [["islamic", "MISC"], ["islamic people", "NP"], ["worship", "NP"]], "qId": "wqr002420"},
 {"entities": [["peter griffin", "PERSON"], ["the voice", "NP"], ["peter griffin", "NP"]], "qId": "wqr002440"},
 {"entities": [["israel", "LOCATION"], ["the capital of ancient israel", "NP"], ["the capital", "NP"], ["ancient israel", "NP"]], "qId": "wqr002460"},
 {"entities": [["toronto", "LOCATION"], ["ontario toronto", "NP"]], "qId": "wqr002480"},
 {"entities": [["zach galifianakis", "PERSON"], ["zach galifianakis", "NP"], ["the hangover", "NP"]], "qId": "wqr002500"},
 {"entities": [["gregor mendel", "PERSON"], ["gregor mendel", "NP"]], "qId": "wqr002520"},
 {"entities": [["monet", "PERSON"], ["monet", "NP"]], "qId": "wqr002540"},
 {"entities": [["uk", "LOCATION"], ["now", "DATE"], ["current", "DATE"], ["the actual current local time", "NP"], ["uk", "NP"]], "qId": "wqr002560"},
 {"entities": [["harry potter house", "ORGANIZATION"], ["four", "NUMBER"], ["the four harry potter house names", "NP"]], "qId": "wqr002580"},
 {"entities": [["whitney houston", "LOCATION"], ["drugs", "NP"], ["whitney houston when she died", "NP"], ["whitney houston", "NP"], ["she", "NP"]], "qId": "wqr002600"},
 {"entities": [["amazon", "ORGANIZATION"], ["you", "NP"], ["amazon kindle", "NP"]], "qId": "wqr002620"},
 {"entities": [["john donne", "PERSON"], ["poetry", "NP"], ["john donne", "NP"]], "qId": "wqr002640"},
 {"entities": [["american rottweiler", "MISC"], ["a american rottweiler look", "NP"]], "qId": "wqr002660"},
 {"entities": [["abraham lincoln", "PERSON"], ["president abraham lincoln", "NP"]], "qId": "wqr002680"},
 {"entities": [["hungary", "LOCATION"], ["hungary", "NP"]], "qId": "wqr002700"},
 {"entities": [["joe montana", "PERSON"], ["joe montana", "NP"]], "qId": "wqr002720"},
 {"entities": [["alan parrish", "PERSON"], ["alan parrish in jumanji", "NP"], ["alan parrish", "NP"], ["jumanji", "NP"]], "qId": "wqr002740"},
 {"entities": [["arizona diamondbacks", "ORGANIZATION"], ["the arizona diamondbacks", "NP"]], "qId": "wqr002760"},
 {"entities": [["riddell", "PERSON"], ["riddell helmets", "NP"]], "qId": "wqr002780"},
 {"entities": [["matt bomer", "PERSON"], ["matt bomer", "NP"]], "qId": "wqr002800"},
 {"entities": [["roger sherman", "PERSON"], ["roger sherman", "NP"], ["a living", "NP"]], "qId": "wqr002820"},
 {"entities": [["christina aguilera", "PERSON"], ["christina aguilera", "NP"]], "qId": "wqr002840"},
 {"entities": [["jamaica", "LOCATION"], ["the dominant language of jamaica", "NP"], ["the dominant language", "NP"], ["jamaica", "NP"]], "qId": "wqr002860"},
 {"entities": [["anne frank", "PERSON"], ["anne frank", "NP"]], "qId": "wqr002880"},
 {"entities": [["minnesota", "LOCATION"], ["timezone", "NP"], ["minnesota", "NP"]], "qId": "wqr002900"},
 {"entities": [["frida kahlo", "PERSON"], ["now", "DATE"], ["frida kahlo", "NP"]], "qId": "wqr002920"},
 {"entities": [["jordan river", "LOCATION"], ["the jordan river", "NP"]], "qId": "wqr002940"},
 {"entities": [["papa doc", "MISC"], ["papa doc in real life", "NP"], ["papa doc", "NP"], ["real life", "NP"]], "qId": "wqr002960"},
 {"entities": [["japan", "LOCATION"], ["most earthquakes", "NP"], ["japan", "NP"]], "qId": "wqr002980"},
 {"entities": [["china", "LOCATION"], ["language", "NP"], ["china", "NP"]], "qId": "wqr003000"},
 {"entities": [["irish", "MISC"], ["irish people", "NP"]], "qId": "wqr003020"},
 {"entities": [["burmese", "MISC"], ["people", "NP"], ["burmese", "NP"]], "qId": "wqr003040"},
 {"entities": [["metallica", "ORGANIZATION"], ["the band metallica", "NP"]], "qId": "wqr003060"},
 {"entities": [["arab israeli", "MISC"], ["the arab israeli war", "NP"]], "qId": "wqr003080"},
 {"entities": [["dominican republic", "LOCATION"], ["the dominican republic part of", "NP"], ["the dominican republic part", "NP"]], "qId": "wqr003100"},
 {"entities": [["harold saxon", "PERSON"], ["harold saxon in doctor who", "NP"], ["harold saxon", "NP"], ["doctor who", "NP"], ["doctor", "NP"]], "qId": "wqr003120"},
 {"entities": [["iran", "LOCATION"], ["political system", "NP"], ["iran", "NP"]], "qId": "wqr003140"},
 {"entities": [["brazil", "LOCATION"], ["brazil", "NP"]], "qId": "wqr003160"},
 {"entities": [["spain", "LOCATION"], ["political system", "NP"], ["spain", "NP"]], "qId": "wqr003180"},
 {"entities": [["heisman trophy", "MISC"], ["2011", "DATE"], ["the 2011 heisman trophy winner", "NP"]], "qId": "wqr003200"},
 {"entities": [["michael buble", "PERSON"], ["michael buble 's style of music", "NP"], ["michael buble 's style", "NP"], ["michael buble 's", "NP"], ["music", "NP"]], "qId": "wqr003220"},
 {"entities": [["ponce de leon", "PERSON"], ["ponce de leon", "NP"]], "qId": "wqr003240"},
 {"entities": [["vietnam", "LOCATION"], ["government", "NP"], ["vietnam", "NP"]], "qId": "wqr003260"},
 {"entities": [["steelers", "ORGANIZATION"], ["the steelers football team", "NP"]], "qId": "wqr003280"},
 {"entities": [["rihanna", "PERSON"], ["rihanna from ethnically", "NP"], ["rihanna", "NP"], ["ethnically", "NP"]], "qId": "wqr003300"},
 {"entities": [["kfc", "ORGANIZATION"], ["the owner of kfc", "NP"], ["the owner", "NP"], ["kfc", "NP"]], "qId": "wqr003320"},
 {"entities": [["chicago", "LOCATION"], ["this weekend", "DATE"], ["chicago", "NP"], ["this weekend with kids", "NP"], ["this weekend", "NP"], ["kids", "NP"]], "qId": "wqr003340"},
 {"entities": [["australia", "LOCATION"], ["legal system", "NP"], ["australia", "NP"]], "qId": "wqr003360"},
 {"entities": [["ukraine", "LOCATION"], ["the ukraine", "NP"]], "qId": "wqr003380"},
 {"entities": [["stewie griffin", "PERSON"], ["stewie griffin on family guy", "NP"], ["stewie griffin", "NP"], ["family guy", "NP"]], "qId": "wqr003400"},
 {"entities": [["barcelona", "LOCATION"], ["closest to barcelona port", "NP"], ["closest", "NP"], ["barcelona port", "NP"]], "qId": "wqr003420"},
 {"entities": [["venice", "LOCATION"], ["i", "NP"], ["venice", "NP"]], "qId": "wqr003440"},
 {"entities": [["france", "LOCATION"], ["france", "NP"]], "qId": "wqr003460"},
 {"entities": [["mary kay", "PERSON"], ["mary kay", "NP"]], "qId": "wqr003480"},
 {"entities": [["simba", "PERSON"], ["the voice of simba", "NP"], ["the voice", "NP"], ["simba", "NP"]], "qId": "wqr003500"},
 {"entities": [["ford motor company", "ORGANIZATION"], ["first", "ORDINAL"], ["the first ford motor company", "NP"]], "qId": "wqr003520"},
 {"entities": [["mets", "ORGANIZATION"], ["the mets", "NP"], ["the pennant", "NP"]], "qId": "wqr003540"},
 {"entities": [["timothy", "ORGANIZATION"], ["4", "NUMBER"], ["2", "NUMBER"], ["2 timothy 4", "NP"]], "qId": "wqr003560"},
 {"entities": [["fred west", "PERSON"], ["fred west", "NP"]], "qId": "wqr003580"},
 {"entities": [["nelson mandela", "PERSON"], ["nelson mandela", "NP"]], "qId": "wqr003600"},
 {"entities": [["panama", "LOCATION"], ["currency in panama", "NP"], ["currency", "NP"], ["panama", "NP"]], "qId": "wqr003620"},
 {"entities": [["australia", "LOCATION"], ["voting system", "NP"], ["australia", "NP"]], "qId": "wqr003640"},
 {"entities": [["southwest airlines", "ORGANIZATION"], ["southwest airlines", "NP"]], "qId": "wqr003660"},
 {"entities": [["new zealand", "LOCATION"], ["new zealand", "NP"]], "qId": "wqr003680"},
 {"entities": [["canada", "LOCATION"], ["political system", "NP"], ["canada", "NP"]], "qId": "wqr003700"},
 {"entities": [["netherlands", "LOCATION"], ["the netherlands", "NP"]], "qId": "wqr003720"},
 {"entities": [["canada", "LOCATION"], ["the major imports and exports of canada", "NP"], ["the major imports and exports", "NP"], ["canada", "NP"]], "qId": "wqr003740"},
 {"entities": [["angelina", "MISC"], ["angelina jolie", "NP"]], "qId": "wqr003760"}
]
