[
 {"qId": "wqr000120", "answers": ["Mila Kunis"], "qText": "who plays meg in family guy?"},
 {"qId": "wqr000140", "answers": ["University of Phoenix Stadium"], "qText": "what stadium did the chicago cardinals play in?"},
 {"qId": "wqr000580", "answers": ["New Moon", "He's a Bully, Charlie Brown", "Eclipse", "Cheaper by the Dozen 2", "Incarceron", "The Adventures of Sharkboy and Lavagirl", "Dear Eleanor", "Abduction", "Shadow Fury", "Field of Dreams 2: Lockout"], "qText": "what movies has taylor lautner?"},
 {"qId": "wqr000700", "answers": ["Daryl Sabara"], "qText": "who played juni in spy kids 4?"},
 {"qId": "wqr000980", "answers": ["Blair Cramer"], "qText": "who played todd manning on one life to live?"},
 {"qId": "wqr001400", "answers": ["Taylor Lautner"], "qText": "who played jacob black?"},
 {"qId": "wqr001440", "answers": ["Kirsten Dunst"], "qText": "who plays mary jane in spiderman 3?"},
 {"qId": "wqr001460", "answers": ["Alex Borstein"], "qText": "who is the voice of lois from family guy?"},
 {"qId": "wqr001700", "answers": ["Lager"], "qText": "who plays stella in coronation street?"},
 {"qId": "wqr002440", "answers": ["Seth MacFarlane"], "qText": "who the voice of peter griffin?"},
 {"qId": "wqr002500", "answers": ["Alan Garner"], "qText": "who does zach galifianakis play in the hangover?"},
 {"qId": "wqr002560", "answers": ["Greenwich Mean Time", "UTC\u00b100:00"], "qText": "what is the actual current local time now in uk?"},
 {"qId": "wqr002740", "answers": ["Robin Williams"], "qText": "who plays alan parrish in jumanji?"},
 {"qId": "wqr002760", "answers": ["Chase Field"], "qText": "where did the arizona diamondbacks play?"},
 {"qId": "wqr002800", "answers": ["Magic Mike", "Flightplan", "Winter's Tale", "In Time", "8", "The Normal Heart", "The Texas Chainsaw Massacre: The Beginning"], "qText": "what movies did matt bomer play in?"},
 {"qId": "wqr003120", "answers": ["Roger Delgado"], "qText": "who plays harold saxon in doctor who?"},
 {"qId": "wqr003400", "answers": ["Seth MacFarlane"], "qText": "who plays stewie griffin on family guy?"},
 {"qId": "wqr003500", "answers": ["Matthew Broderick"], "qText": "who was the voice of simba?"},
 {"qId": "wqr003760", "answers": ["In the Land of Blood and Honey"], "qText": "what movie is angelina jolie directing?"}
]
