[
 {"qId": "wqr000001", "answers": ["Padm\u00e9 Amidala"], "qText": "what character did natalie portman play in star wars?"},
 {"qId": "wqr000005", "answers": ["Denethor II"], "qText": "what character did john noble play in lord of the rings?"},
 {"qId": "wqr000025", "answers": ["Abduction", "Eclipse", "Valentine's Day", "The Twilight Saga: Breaking Dawn - Part 1", "New Moon"], "qText": "what movies does taylor lautner play in?"},
 {"qId": "wqr000052", "answers": ["AT&T Park"], "qText": "where do the san francisco giants play home games?"},
 {"qId": "wqr000056", "answers": ["Places in the Heart", "Sybil", "Norma Rae", "A Woman Of Independent Means", "A Cooler Climate", "Brothers & Sisters", "ER"], "qText": "what movies did sally field win an oscar for?"},
 {"qId": "wqr000066", "answers": ["Kim"], "qText": "who does maggie grace play in taken?"},
 {"qId": "wqr000071", "answers": ["David Silver"], "qText": "what character did brian austin green play on 90210?"},
 {"qId": "wqr000097", "answers": ["Madison Square Garden"], "qText": "where do the ny rangers play?"},
 {"qId": "wqr000115", "answers": ["The Grudge 3", "Saw IV", "Summer School", "Saw II", "Saw III", "The Island", "Saw", "The Blob", "Who's Harry Crumb?"], "qText": "what did shawnee smith play in?"},
 {"qId": "wqr000131", "answers": ["M&T Bank Stadium"], "qText": "where do baltimore ravens play?"},
 {"qId": "wqr000146", "answers": ["Sugar: The Fall of the West", "Kissing a Fool"], "qText": "what movie did james frey write?"},
 {"qId": "wqr000196", "answers": ["Bernard"], "qText": "who did ben stiller play in megamind?"},
 {"qId": "wqr000203", "answers": ["The Wiz"], "qText": "what movies did diana ross play in?"},
 {"qId": "wqr000216", "answers": ["Dory"], "qText": "what character does ellen play in finding nemo?"},
 {"qId": "wqr000276", "answers": ["Chris Pine"], "qText": "who plays captain kirk in 2009?"},
 {"qId": "wqr000298", "answers": ["2004 NBA Draft"], "qText": "when did the charlotte bobcats first play in the nba?"},
 {"qId": "wqr000321", "answers": ["Shadows and Fog", "A League of Their Own", "Evita", "Four Rooms", "Arthur and the Invisibles", "Dangerous Game", "Dick Tracy", "A Certain Sacrifice", "Who's That Girl?", "Body of Evidence"], "qText": "what movies did madonna appear in?"},
 {"qId": "wqr000332", "answers": ["Kate Bosworth"], "qText": "who plays lois lane in superman returns?"},
 {"qId": "wqr000346", "answers": ["Scott Weinger"], "qText": "who played the voice of aladdin?"},
 {"qId": "wqr000358", "answers": ["New Moon", "Eclipse", "The Twilight Saga", "Abduction", "Twilight", "The Twilight Saga: Breaking Dawn - Part 2"], "qText": "what movies has taylor lautner been in 2011?"},
 {"qId": "wqr000383", "answers": ["Kirsten Storms"], "qText": "who played maxie jones on general hospital?"},
 {"qId": "wqr000410", "answers": ["Utah Jazz"], "qText": "where does drew gordon play?"},
 {"qId": "wqr000421", "answers": ["Hayden Christensen"], "qText": "who voiced darth vader in revenge of the sith?"},
 {"qId": "wqr000436", "answers": ["Richard Harris"], "qText": "who played dumbledore in the first movie?"},
 {"qId": "wqr000490", "answers": ["Wesley Woodyard", "Peyton Manning", "Joe Mays", "Knowshon Moreno", "Joel Dreessen", "Mario Fannin", "Manuel Ram\u00edrez", "Tracy Porter", "Andre Caldwell", "Jacob Tamme"], "qText": "who are the broncos players?"},
 {"qId": "wqr000503", "answers": ["James Lafferty"], "qText": "who plays nathan scott?"},
 {"qId": "wqr000511", "answers": ["Michigan State University"], "qText": "where did drew stanton play in college?"},
 {"qId": "wqr000523", "answers": ["Twisted Sister", "Suicidal Tendencies", "Guns N' Roses", "Red Hot Chili Peppers", "AC/DC", "Nirvana", "Run-D.M.C.", "Ice Cube", "The Offspring", "Metallica"], "qText": "who sang at the mtv movie awards 2011?"},
 {"qId": "wqr000543", "answers": ["Margot Kidder"], "qText": "who played lois lane in superman 1?"},
 {"qId": "wqr000557", "answers": ["Judy Garland"], "qText": "who played dorothy in the wizard of oz movie?"},
 {"qId": "wqr000567", "answers": ["Apollo 13", "A Beautiful Mind", "Curious George", "Happy Days", "Cocoon", "From the Earth to the Moon"], "qText": "what movies did ron howard do?"},
 {"qId": "wqr000581", "answers": ["St. Louis Rams"], "qText": "where does sam bradford play?"},
 {"qId": "wqr000590", "answers": ["Meriadoc Brandybuck"], "qText": "who does dominic monaghan play in lord of the rings?"},
 {"qId": "wqr000593", "answers": ["Edward Furlong"], "qText": "who played john connor friend in terminator 2?"},
 {"qId": "wqr000610", "answers": ["Norman Bird", "Martin Freeman", "Ian Holm"], "qText": "who is playing bilbo baggins?"},
 {"qId": "wqr000616", "answers": ["Small forward"], "qText": "where did matt barnes play?"},
 {"qId": "wqr000645", "answers": ["Battle Scars: The Bud Moore Story"], "qText": "what movies did luke perry play in?"},
 {"qId": "wqr000671", "answers": ["Boogie Woogie", "Jennifer's Body", "Chloe", "Dear John", "Nine Lives", "Solstice", "Mamma Mia!", "American Gun", "Mean Girls", "Alpha Dog"], "qText": "what does amanda seyfried play in?"},
 {"qId": "wqr000677", "answers": ["Banjo"], "qText": "what instrument does bela fleck play?"},
 {"qId": "wqr000683", "answers": ["Jeremy Renner"], "qText": "who is playing hawkeye in the avengers movie?"},
 {"qId": "wqr000686", "answers": ["This Is the End", "Battleship", "Happy Smekday!"], "qText": "what movie did rihanna play in?"},
 {"qId": "wqr000712", "answers": ["Kansas City Athletics"], "qText": "who played violet's mother in charlie and the chocolate factory?"},
 {"qId": "wqr000718", "answers": ["Alan Ruck"], "qText": "who plays ferris bueller's best friend?"},
 {"qId": "wqr000742", "answers": ["Alex Borstein"], "qText": "who plays lois griffin in family guy?"},
 {"qId": "wqr000755", "answers": ["Trois", "The Confidant", "No Turning Back", "Senseless", "Cloud 9", "Waiting to Exhale", "I Know Who Killed Me", "Hot Parts", "Deliver Us from Eva", "Brothers in Arms"], "qText": "what movies have kenya moore produced?"},
 {"qId": "wqr000761", "answers": ["Rachel Gatina"], "qText": "who does danneel harris play on one tree hill?"},
 {"qId": "wqr000771", "answers": ["Juice"], "qText": "what was omar epps first movie?"},
 {"qId": "wqr000786", "answers": ["Finola Hughes", "Tahyna Tozzi", "January Jones"], "qText": "who played emma frost?"},
 {"qId": "wqr000828", "answers": ["New Moon", "Feast of Love", "Without Limits", "Dill Scallion", "Fracture", "Komodo", "Ladder 49", "Don't Look Down", "Untraceable", "Mafia!"], "qText": "what movies has billy burke been in?"},
 {"qId": "wqr000831", "answers": ["8 Mile"], "qText": "what is the last movie brittany murphy made?"},
 {"qId": "wqr000852", "answers": ["Taxi", "Jungle Fever", "Set It Off", "Stranger than Fiction", "Last Holiday", "Brown Sugar", "Ice Age: The Meltdown", "Ice Age: Dawn of the Dinosaurs", "Hairspray", "Bringing Down the House"], "qText": "what movies have queen latifah played in?"},
 {"qId": "wqr000856", "answers": ["Paul Fusco"], "qText": "who played alf on the tv show?"},
 {"qId": "wqr000862", "answers": ["Logan", "G.I. Joe: The Rise of Cobra", "Aussie & Ted's Great Adventure", "Conan the Barbarian", "Shorts"], "qText": "what movies does leo howard play in?"},
 {"qId": "wqr000912", "answers": ["Candace"], "qText": "who is nina dobrev playing in perks of being a wallflower?"},
 {"qId": "wqr000943", "answers": ["Michael Jackson: The Trial and Triumph of the King of Pop", "Moonwalker", "Listen Up! The Lives of Quincy Jones", "Maniac Magee", "Miss Cast Away", "Michael Jackson: Live in Japan", "Michael Jackson: Live in Bucharest: The Dangerous Tour", "Miles Davis: Live in Montreal", "Michael Jackson's Ghosts", "The Wiz"], "qText": "what are the names of michael jackson movies?"},
 {"qId": "wqr000952", "answers": ["Green Street"], "qText": "what movies did charlie hunnam play in?"},
 {"qId": "wqr000957", "answers": ["Children of a Lesser God"], "qText": "what movie did marlee matlin won an academy award for?"},
 {"qId": "wqr000962", "answers": ["Michael Connor Humphreys"], "qText": "who played forrest gump as a kid?"},
 {"qId": "wqr000995", "answers": ["Marlins Park"], "qText": "where do the fla marlins play?"},
 {"qId": "wqr001006", "answers": ["Miranda Otto"], "qText": "who played eowyn in the lord of the rings movies?"},
 {"qId": "wqr001028", "answers": ["Attila", "Beowulf & Grendel", "300", "Dear Frankie", "Butterfly on a Wheel", "Gamer", "Fast Food", "Dracula 2000", "Coriolanus"], "qText": "what films has gerard butler starred in?"},
 {"qId": "wqr001053", "answers": ["Qui-Gon Jinn"], "qText": "what was liam neeson's character in star wars?"},
 {"qId": "wqr001063", "answers": ["Peeta Mellark"], "qText": "who does josh hutcherson play in the hunger games?"},
 {"qId": "wqr001066", "answers": ["Hayden Panettiere"], "qText": "who plays claire in lost?"},
 {"qId": "wqr001068", "answers": ["Anne Elizabeth Roseberry"], "qText": "who does jamie campbell bower play in breaking dawn?"},
 {"qId": "wqr001078", "answers": ["The Gashouse Gang: How Dizzy Dean, Leo Durocher, Branch Rickey, Pepper Martin, and Their Colorful, Come-from-Behind Ball Club Won the World Series - and America's Heart - During the Great Depression"], "qText": "where is the world series 2012 being played?"},
 {"qId": "wqr001125", "answers": ["William Daniels"], "qText": "who was the voice of kitt?"},
 {"qId": "wqr001142", "answers": ["Office Killer", "The Breakfast Club", "Sixteen Candles", "Fresh Horses", "Strike It Rich", "Betsy's Wedding", "Pretty in Pink", "Spacehunter: Adventures in the Forbidden Zone", "The Stand", "Tempest"], "qText": "what movies is molly ringwald in?"},
 {"qId": "wqr001152", "answers": ["Dana Delany", "Anne Heche", "Kate Bosworth", "Amy Adams", "Margot Kidder"], "qText": "who played lois en superman?"},
 {"qId": "wqr001161", "answers": ["Kansas City"], "qText": "where do the kansas city chiefs play?"},
 {"qId": "wqr001167", "answers": ["Alex Borstein"], "qText": "who does the voice of lois in family guy?"},
 {"qId": "wqr001168", "answers": ["A Guide to Recognizing Your Saints", "Battle in Seattle", "Stop-Loss", "Step Up", "Coach Carter", "She's the Man", "Havoc", "Poor Things", "Supercross", "G.I. Joe: The Rise of Cobra"], "qText": "what are all the movies channing tatum has been in?"},
 {"qId": "wqr001181", "answers": ["Carrie Fisher"], "qText": "who played princess leia from star wars?"},
 {"qId": "wqr001202", "answers": ["Cafe / Coffee Shop", "American food", "Bakery", "Delicatessen", "Bagels"], "qText": "what market does starbucks operate in?"},
 {"qId": "wqr001205", "answers": ["Eric Cartman", "Fosse McDonald", "Kenny McCormick", "Chef", "Butters Stotch", "Mr. Garrison", "Kyle Broflovski", "Stan Marsh"], "qText": "what characters does trey parker voice?"},
 {"qId": "wqr001207", "answers": ["Alex Borstein"], "qText": "who the voice of lois griffin?"},
 {"qId": "wqr001233", "answers": ["Robert Knepper"], "qText": "who played samuel sullivan in heroes?"},
 {"qId": "wqr001247", "answers": ["Meg Griffin"], "qText": "what character does mila kunis play on family guy?"},
 {"qId": "wqr001248", "answers": ["Jake Lloyd"], "qText": "who played anakin skywalker in phantom menace?"},
 {"qId": "wqr001262", "answers": ["Brad Loree"], "qText": "who plays the new michael myers?"},
 {"qId": "wqr001267", "answers": ["City of Joy", "Christmas in Wonderland", "Father Hood", "Along for the Ride", "Black Dog", "George and the Dragon", "Donnie Darko", "Dirty Dancing: Havana Nights", "Dirty Dancing", "11:14"], "qText": "what films did patrick swayze star in?"},
 {"qId": "wqr001270", "answers": ["Bonnie Hunt"], "qText": "who plays sarah wittle in jumanji?"},
 {"qId": "wqr001305", "answers": ["James Earl Jones"], "qText": "who did the voice of darth vader in star wars?"},
 {"qId": "wqr001310", "answers": ["Jason Marsden"], "qText": "who plays the voice of kovu?"},
 {"qId": "wqr001337", "answers": ["England"], "qText": "where did gareth southgate play?"},
 {"qId": "wqr001345", "answers": ["Alfalfa's Double", "Busting", "Captain Spanky's Show Boat", "Bubbling Troubles", "Dancing Romeo", "Dad for a Day", "Bridal Suite", "All About Hash", "Coast to Coast", "Auto Antics"], "qText": "what movies did robert blake play in?"},
 {"qId": "wqr001366", "answers": ["Jackie"], "qText": "who did kat graham play in parent trap?"},
 {"qId": "wqr001368", "answers": ["Michael Rosenbaum"], "qText": "who plays young lex luthor in smallville?"},
 {"qId": "wqr001371", "answers": ["Alex Borstein"], "qText": "who makes lois griffin voice?"},
 {"qId": "wqr001402", "answers": ["Funny People", "Anger Management", "Happy Gilmore", "Big Daddy", "50 First Dates", "Click", "Bulletproof", "Billy Madison", "Eight Crazy Nights", "Airheads"], "qText": "what movies star adam sandler?"},
 {"qId": "wqr001418", "answers": ["Jimmy Bennett", "Chris Pine", "William Shatner"], "qText": "who played captain kirk in star trek?"},
 {"qId": "wqr001428", "answers": ["Super Bowl XXV"], "qText": "when was the last time the ny giants played in the superbowl?"},
 {"qId": "wqr001435", "answers": ["Chicago Blackhawks"], "qText": "what teams played in the 2010 stanley cup?"},
 {"qId": "wqr001472", "answers": ["Steve Burton"], "qText": "who is playing jason morgan on general hospital?"},
 {"qId": "wqr001476", "answers": ["Rosalie Hale"], "qText": "who nikki reed play in twilight?"},
 {"qId": "wqr001478", "answers": ["David Duchovny"], "qText": "who played mulder in the x files?"},
 {"qId": "wqr001488", "answers": ["Lacey Chabert"], "qText": "who was the original voice of meg on family guy?"},
 {"qId": "wqr001497", "answers": ["Panic Room", "Catch That Kid", "In the Land of Women", "Fierce People", "Into the Wild", "The Messengers", "Cold Creek Manor", "Zathura", "The Safety of Objects", "Speak"], "qText": "what films has kristen stewart starred in?"},
 {"qId": "wqr001505", "answers": ["Eclipse", "Twilight", "New Moon", "The Twilight Saga: Breaking Dawn - Part 1"], "qText": "what movies have robert pattinson starred in?"},
 {"qId": "wqr001523", "answers": ["Big Daddy", "Dickie Roberts: Former Child Star", "Joe Dirt 2", "Bedtime Stories", "Click", "The Benchwarmers", "Eight Crazy Nights", "The House Bunny", "You Don't Mess with the Zohan", "I Now Pronounce You Chuck and Larry"], "qText": "what movies have adam sandler been in?"},
 {"qId": "wqr001552", "answers": ["James Marsters"], "qText": "who plays spike in buffy the vampire slayer?"},
 {"qId": "wqr001561", "answers": ["Felicity Huffman"], "qText": "who plays lynette on desperate housewives?"},
 {"qId": "wqr001570", "answers": ["Sorell Booke"], "qText": "who played boss hogg dukes of hazzard?"},
 {"qId": "wqr001571", "answers": ["William Daniels"], "qText": "who played kitt in knight rider?"},
 {"qId": "wqr001586", "answers": ["Ralph Macchio, Sr."], "qText": "who played daniel larusso?"},
 {"qId": "wqr001591", "answers": ["Star Wars Episode VII", "Anatomy of Hope", "Star Trek", "Star Trek into Darkness", "Mission: Impossible III", "Super 8"], "qText": "what movies did jj abrams direct?"},
 {"qId": "wqr001597", "answers": ["Peter Griffin", "Mickey McFinnegan", "Stewie Griffin", "Jake Tucker", "Glenn Quagmire", "Carter Pewterschmidt", "Stan Smith", "Tom Tucker", "Kevin Swanson", "Brian Griffin"], "qText": "what characters does seth macfarlane voice?"},
 {"qId": "wqr001602", "answers": ["Andy Hallett"], "qText": "who plays lorne on angel?"},
 {"qId": "wqr001621", "answers": ["Duel", "Close Encounters of the Third Kind", "Always", "Catch Me If You Can", "1941", "Amistad", "A.I. Artificial Intelligence", "E.T. the Extra-Terrestrial", "Amblin", "Empire of the Sun"], "qText": "what movies are directed by steven spielberg?"},
 {"qId": "wqr001623", "answers": ["American Teacher", "Contagion", "Che: Part Two", "All the Pretty Horses", "Courage Under Fire", "Dogma", "Behind the Screens", "Confessions of a Dangerous Mind", "Elysium", "Chasing Amy"], "qText": "what movies does matt damon play in?"},
 {"qId": "wqr001625", "answers": ["Cheaper by the Dozen", "Garfield: The Movie", "Step Up 3D", "Alyson Stoner Project", "Holly Hobbie and Friends: Christmas Wishes", "Step Up", "Cheaper by the Dozen 2", "Alice Upside Down", "Yin Yang Yo! The Movie", "Camp Rock"], "qText": "what movies does alyson stoner play in?"},
 {"qId": "wqr001635", "answers": ["Edmonton Oilers"], "qText": "what teams did gretzky play on?"},
 {"qId": "wqr001638", "answers": ["Michael Jackson: 30th Anniversary Special"], "qText": "who played sean in scrubs?"},
 {"qId": "wqr001653", "answers": ["Andy Warhol"], "qText": "who played andy in toy story 3?"},
 {"qId": "wqr001657", "answers": ["Hannah Montana: The Movie", "Super Rhino", "Sonic the Hedgehog", "LOL: Laughing Out Loud", "Big Fish", "Sex and the City 2", "Bolt", "The Last Song", "So Undercover", "High School Musical 2"], "qText": "what movies did miley cyrus play in?"},
 {"qId": "wqr001677", "answers": ["Big Daddy", "Dickie Roberts: Former Child Star", "Joe Dirt 2", "Bedtime Stories", "Click", "The Benchwarmers", "Eight Crazy Nights", "The House Bunny", "You Don't Mess with the Zohan", "I Now Pronounce You Chuck and Larry"], "qText": "what movies did adam sandler play in?"},
 {"qId": "wqr001688", "answers": ["Hayden Christensen"], "qText": "who was the voice of darth vader in episode iii?"},
 {"qId": "wqr001692", "answers": ["Closer", "Beautiful Girls", "Star Wars Episode III: Revenge of the Sith", "Cold Mountain", "The Other Boleyn Girl", "V for Vendetta", "Star Wars Episode II: Attack of the Clones", "Anywhere but Here", "Garden State", "Star Wars Episode I: The Phantom Menace"], "qText": "what movie does natalie portman play in?"},
 {"qId": "wqr001695", "answers": ["17 Again", "Charlie St. Cloud", "Miracle Run", "Me and Orson Welles", "Melinda's World", "High School Musical", "The Derby Stallion", "High School Musical 2", "High School Musical 3: Senior Year", "Hairspray"], "qText": "what movies does zac efron star in?"},
 {"qId": "wqr001711", "answers": ["Coneheads", "Wayne's World", "Black Sheep", "Beverly Hills Ninja", "Wayne's World 2", "Billy Madison", "Dirty Work", "Almost Heroes", "Airheads", "Tommy Boy"], "qText": "what movies did chris farley do?"},
 {"qId": "wqr001712", "answers": ["Anna Tsuchiya"], "qText": "who plays nana in the royal family?"},
 {"qId": "wqr001716", "answers": ["Jacqueline MacInnes Wood"], "qText": "who plays steffy on bold and the beautiful?"},
 {"qId": "wqr001741", "answers": ["Alfonso Ribeiro"], "qText": "who played carlton banks?"},
 {"qId": "wqr001767", "answers": ["Him/Herself"], "qText": "who plays jay adams in lords of dogtown?"},
 {"qId": "wqr001785", "answers": ["Kaya Scodelario"], "qText": "who plays effy in skins uk?"},
 {"qId": "wqr001795", "answers": ["Turner Field"], "qText": "where does the atlanta braves play?"},
 {"qId": "wqr001816", "answers": ["Peter Griffin", "Mickey McFinnegan", "Stewie Griffin", "Jake Tucker", "Glenn Quagmire", "Carter Pewterschmidt", "Stan Smith", "Tom Tucker", "Kevin Swanson", "Brian Griffin"], "qText": "what part does seth macfarlane play in family guy?"},
 {"qId": "wqr001823", "answers": ["Norm Peterson"], "qText": "who did george wendt play on cheers?"},
 {"qId": "wqr001825", "answers": ["AFC South"], "qText": "what division did the baltimore colts play in?"},
 {"qId": "wqr001832", "answers": ["Big"], "qText": "what movie did tom hanks won his first oscar?"},
 {"qId": "wqr001842", "answers": ["Fast Getaway", "Fast Getaway II", "Dream a Little Dream 2", "Demolition High", "Dream a Little Dream", "Blown Away", "Busted", "Demolition University", "Fever Lake", "Firstborn"], "qText": "what did corey haim act in?"},
 {"qId": "wqr001852", "answers": ["Dustin Hoffman"], "qText": "who played bernie focker?"},
 {"qId": "wqr001866", "answers": ["Albert Brooks"], "qText": "who was the voice of nemo's dad?"},
 {"qId": "wqr001870", "answers": ["George P. Wilbur"], "qText": "who played michael myers in halloween 4?"},
 {"qId": "wqr001875", "answers": ["Tristan & Isolde", "Pineapple Express", "The Great Raid", "Annapolis", "Whatever It Takes", "The Company", "An American Crime", "Spider-Man", "Spider-Man 2", "Spider-Man 3"], "qText": "what movies did james franco play in?"},
 {"qId": "wqr001905", "answers": ["Girl with a Pearl Earring", "Fall", "A Good Woman", "A Love Song for Bobby Long", "Don Jon's Addiction", "Eight Legged Freaks", "Ghost World", "Captain America: The Winter Soldier", "An American Rhapsody"], "qText": "what movies has scarlett johansson played in?"},
 {"qId": "wqr001913", "answers": ["Tatooine"], "qText": "where does luke skywalker live in star wars?"},
 {"qId": "wqr001922", "answers": ["Padm\u00e9 Amidala"], "qText": "who played princess leia's mother in star wars?"},
 {"qId": "wqr001937", "answers": ["Screenwriter"], "qText": "who does larry david play in seinfeld?"},
 {"qId": "wqr001942", "answers": ["The Grudge 3", "Saw IV", "Summer School", "Saw II", "Saw III", "The Island", "Saw", "The Blob", "Who's Harry Crumb?"], "qText": "what did shawnee smith star in?"},
 {"qId": "wqr001962", "answers": ["Ed Asner"], "qText": "who played carl fredricksen in up?"},
 {"qId": "wqr001963", "answers": ["The Harrodian School"], "qText": "where did robert pattinson go to acting school?"},
 {"qId": "wqr001982", "answers": ["Grindhouse", "The Cutting Edge: The Magic of Movie Editing", "Sukiyaki Western Django", "Full Tilt Boogie", "Z Channel: A Magnificent Obsession", "BaadAsssss Cinema", "Desperado", "Four Rooms", "From Dusk till Dawn", "Dead On: The Life and Cinema of George A. Romero"], "qText": "what movies did quentin tarantino star in?"},
 {"qId": "wqr002001", "answers": ["Paul Fusco"], "qText": "who did alf's voice?"},
 {"qId": "wqr002011", "answers": ["Christian Bale"], "qText": "who plays batman in 2012?"},
 {"qId": "wqr002021", "answers": ["Bridget Jones's Diary"], "qText": "what movies has renee zellweger been in?"},
 {"qId": "wqr002031", "answers": ["Seth MacFarlane"], "qText": "who plays stewie griffin's voice family guy?"},
 {"qId": "wqr002038", "answers": ["Scary Movie", "First Sunday", "Danika", "Paid in Full", "Disappearing Acts", "Malibu's Most Wanted", "Scary Movie 4", "King's Ransom", "Scary Movie 3", "Scary Movie 2"], "qText": "what did regina hall play in?"},
 {"qId": "wqr002043", "answers": ["Jack Coleman"], "qText": "who plays noah bennet?"},
 {"qId": "wqr002047", "answers": ["Wrigley Field"], "qText": "where do the chicago cubs play?"},
 {"qId": "wqr002062", "answers": ["Jeffrey Dean Morgan"], "qText": "who plays young john winchester in supernatural?"},
 {"qId": "wqr002088", "answers": ["Lola Glaudini"], "qText": "who played elle greenaway?"},
 {"qId": "wqr002108", "answers": ["Heather"], "qText": "who does avril lavigne play in over the hedge?"},
 {"qId": "wqr002115", "answers": ["trumpet", "Cornet"], "qText": "what instrument did louis armstrong like to play?"},
 {"qId": "wqr002135", "answers": ["Lee Majors"], "qText": "who played heath barkley?"},
 {"qId": "wqr002143", "answers": ["Lonnie Clary"], "qText": "who will play clary in city of bones?"},
 {"qId": "wqr002151", "answers": ["Anthony Stewart Head"], "qText": "who played giles on buffy the vampire slayer?"},
 {"qId": "wqr002168", "answers": ["Stockard Channing"], "qText": "who played betty rizzo in grease?"},
 {"qId": "wqr002196", "answers": ["1983 World Series", "1966 World Series", "1970 World Series"], "qText": "what years did the orioles play in the world series?"},
 {"qId": "wqr002207", "answers": ["Queen Lillian"], "qText": "who did julie andrews play in shrek?"},
 {"qId": "wqr002221", "answers": ["Peter Griffin", "Mickey McFinnegan", "Stewie Griffin", "Jake Tucker", "Glenn Quagmire", "Carter Pewterschmidt", "Stan Smith", "Tom Tucker", "Kevin Swanson", "Brian Griffin"], "qText": "what characters does seth macfarlane play in family guy?"},
 {"qId": "wqr002227", "answers": ["Vocals"], "qText": "what instruments does katy perry play?"},
 {"qId": "wqr002235", "answers": ["Billy Bathgate", "Bewitched", "Birthday Girl", "Cold Mountain", "Days of Thunder", "Dead Calm", "Birth", "BMX Bandits", "Batman Forever", "Dogville"], "qText": "what movies does nicole kidman star in?"},
 {"qId": "wqr002242", "answers": ["Ewan McGregor"], "qText": "who played obi wan kenobi in phantom menace?"},
 {"qId": "wqr002252", "answers": ["Girl with a Pearl Earring", "Fall", "A Good Woman", "A Love Song for Bobby Long", "Don Jon's Addiction", "Eight Legged Freaks", "Ghost World", "Captain America: The Winter Soldier", "An American Rhapsody"], "qText": "what movies has scarlett johansson in?"},
 {"qId": "wqr002285", "answers": ["The United States of Leland", "Half Nelson", "The Slaughter Rule", "Stay", "Lars and the Real Girl", "The Believer", "Fracture", "Murder by Numbers", "The Notebook", "All Good Things"], "qText": "what movies does ryan gosling star in?"},
 {"qId": "wqr002301", "answers": ["Stephen"], "qText": "who does paul wesley play in 24?"},
 {"qId": "wqr002308", "answers": ["Vince Vaughn", "Kathy Bates", "John Michael Higgins", "Kevin Spacey", "Ludacris", "Elizabeth Banks", "Rachel Weisz", "Miranda Richardson", "Jeffrey Dean Morgan", "Paul Giamatti"], "qText": "who stars in the movie fred claus?"},
 {"qId": "wqr002318", "answers": ["Colin Ford"], "qText": "who played young sam winchester?"},
 {"qId": "wqr002322", "answers": ["David Prowse"], "qText": "who played darth vader in the original star wars movies?"},
 {"qId": "wqr002337", "answers": ["Excalibur", "Kingdom of Heaven", "Batman Begins", "Gangs of New York", "Nailed", "K-19: The Widowmaker", "Pilgrim's Progress", "Husbands and Wives", "Darkman"], "qText": "what films did liam neeson star in?"},
 {"qId": "wqr002370", "answers": ["Norman Bird", "Martin Freeman", "Ian Holm"], "qText": "who is playing bilbo in the hobbit movie?"},
 {"qId": "wqr002378", "answers": ["Bree Tanner"], "qText": "who does jodelle ferland play in eclipse?"},
 {"qId": "wqr002388", "answers": ["New Moon", "He's a Bully, Charlie Brown", "Eclipse", "Cheaper by the Dozen 2", "Incarceron", "The Adventures of Sharkboy and Lavagirl", "Dear Eleanor", "Abduction", "Shadow Fury", "Field of Dreams 2: Lockout"], "qText": "what films have taylor lautner starred in?"},
 {"qId": "wqr002390", "answers": ["Lucy Punch"], "qText": "who played elaine on doc martin?"},
 {"qId": "wqr002408", "answers": ["Pride and Prejudice"], "qText": "which jane austen books are movies?"},
 {"qId": "wqr002475", "answers": ["Taylor Lautner"], "qText": "who plays jacob black in the twilight movies?"},
 {"qId": "wqr002501", "answers": ["Alex Borstein"], "qText": "who plays lois in family guy?"},
 {"qId": "wqr002518", "answers": ["Scarecrow"], "qText": "who did michael jackson play in the wiz?"},
 {"qId": "wqr002552", "answers": ["Phoenix Suns", "Golden State Warriors", "Los Angeles Lakers", "Cleveland Cavaliers", "Houston Rockets", "Charlotte Bobcats", "Detroit Pistons", "Indiana Pacers", "Utah Jazz", "Orlando Magic"], "qText": "who played nba last night?"},
 {"qId": "wqr002590", "answers": ["Drums"], "qText": "what instrument does ringo starr play?"},
 {"qId": "wqr002613", "answers": ["James Anderson"], "qText": "who played bob ewell in to kill a mockingbird?"},
 {"qId": "wqr002668", "answers": ["Mila Kunis"], "qText": "who is the voice of family guys meg griffin?"},
 {"qId": "wqr002682", "answers": ["Jerry the Minion"], "qText": "who does jemaine clement play in despicable me?"},
 {"qId": "wqr002691", "answers": ["Los Angeles Lakers"], "qText": "who played nba finals 2010?"},
 {"qId": "wqr002730", "answers": ["A Cinderella Story: Once Upon A Song", "10 Years", "Sorority Wars", "The Sisterhood of the Traveling Pants 2", "Scream 4", "Fear Island", "Tinker Bell: Secret of the Wings", "Killer in the Family"], "qText": "what has lucy hale played in?"},
 {"qId": "wqr002747", "answers": ["Guitarist"], "qText": "who plays miley cyrus brother?"},
 {"qId": "wqr002755", "answers": ["Jerry Seinfeld"], "qText": "who played elaine's boyfriend on seinfeld?"},
 {"qId": "wqr002765", "answers": ["Kim Delaney"], "qText": "who plays claudia joy on army wives?"},
 {"qId": "wqr002771", "answers": ["Underdog", "Paranoid Park", "Spy Kids 2: Island of Lost Dreams", "How the Grinch Stole Christmas!", "We Were Soldiers", "Hansel and Gretel", "Spy School", "Saving Shiloh", "10 Years"], "qText": "what movies has taylor momsen been in?"},
 {"qId": "wqr002776", "answers": ["8", "Russel Fish: The Sausage and Eggs Incident", "Glee Encore", "Struck by Lightning", "Glee: The 3D Concert Movie"], "qText": "what movies has chris colfer been in?"},
 {"qId": "wqr002795", "answers": ["Rebecca Atkinson"], "qText": "who plays karen jackson on shameless?"},
 {"qId": "wqr002813", "answers": ["Gene Hackman"], "qText": "who played lex luthor in the original superman?"},
 {"qId": "wqr002816", "answers": ["The Scream Team", "The Answer Man", "Raise Your Voice", "Charlie Bartlett", "Shorts", "The 40-Year-Old Virgin", "Down in the Valley", "Nick and Norah's Infinite Playlist", "The House Bunny", "Big Momma's House 2"], "qText": "what does kat dennings star in?"},
 {"qId": "wqr002823", "answers": ["Alex Borstein"], "qText": "who plays the voice of lois griffin on family guy?"},
 {"qId": "wqr002837", "answers": ["David Lewis"], "qText": "who has played edward quartermaine on general hospital?"},
 {"qId": "wqr002846", "answers": ["Lacey Turner"], "qText": "who plays stacey in zoey 101?"},
 {"qId": "wqr002853", "answers": ["Billy"], "qText": "what role did tom cruise play in endless love?"},
 {"qId": "wqr002876", "answers": ["Gr\u00eamio Foot-Ball Porto Alegrense", "Liverpool F.C."], "qText": "where does fabio aurelio play?"},
 {"qId": "wqr002881", "answers": ["David Spade"], "qText": "who plays young joe dirt?"},
 {"qId": "wqr002908", "answers": ["Benny & Joon", "Blow", "A Nightmare on Elm Street", "Arizona Dream", "Chocolat", "Dead Man", "Charlie and the Chocolate Factory", "Cry-Baby", "Public Enemies", "Corpse Bride"], "qText": "what movies johnny depp is in?"},
 {"qId": "wqr002930", "answers": ["The Losers", "Colombiana", "Star Trek", "Avatar", "Drumline", "Death at a Funeral"], "qText": "what movies did zoe saldana play in?"},
 {"qId": "wqr002932", "answers": ["Rosalie Hale"], "qText": "who does nikki reed play in the movie twilight?"},
 {"qId": "wqr002947", "answers": ["Arwen"], "qText": "what character did liv tyler play in lord of the rings?"},
 {"qId": "wqr002948", "answers": ["Carrie Fisher"], "qText": "who played princess leia in star wars movies?"},
 {"qId": "wqr002962", "answers": ["Caroline Ingalls"], "qText": "who played laura ingalls mother?"},
 {"qId": "wqr002975", "answers": ["Benny & Joon", "Blow", "A Nightmare on Elm Street", "Arizona Dream", "Chocolat", "Dead Man", "Charlie and the Chocolate Factory", "Cry-Baby", "Public Enemies", "Corpse Bride"], "qText": "what movies does johnny depp play in?"},
 {"qId": "wqr003010", "answers": ["Gregory Peck"], "qText": "who played atticus finch in the movie?"},
 {"qId": "wqr003013", "answers": ["Seth MacFarlane"], "qText": "who has the voice of stewie griffin?"},
 {"qId": "wqr003052", "answers": ["Emma Watson"], "qText": "who plays hermione granger?"},
 {"qId": "wqr003063", "answers": ["Mandy Patinkin"], "qText": "who plays jason gideon?"},
 {"qId": "wqr003070", "answers": ["Sherman Hemsley"], "qText": "who played george jefferson on all in the family?"},
 {"qId": "wqr003086", "answers": ["A Friend to Die For", "All You Need", "Matinee", "On the Edge of Innocence", "A Goofy Movie", "Mystery Woman: Mystery Weekend", "Mystery Woman: Snapshot", "After the Silence", "Thru the Moebius Strip", "Live Once, Die Twice"], "qText": "what did kellie martin play on?"},
 {"qId": "wqr003106", "answers": ["Nichelle Nichols"], "qText": "who played lt uhura?"},
 {"qId": "wqr003142", "answers": ["Victoria"], "qText": "who did bryce dallas howard play in eclipse?"},
 {"qId": "wqr003198", "answers": ["Arthur 3: The War of the Two Worlds", "Monte Carlo", "Spy Kids 3-D: Game Over", "Wizards of Waverly Place: The Movie", "Arthur and the Invisibles: The New Minimoy Adventures", "Ramona and Beezus", "Another Cinderella Story", "Horton Hears a Who!", "Arthur and the Vengeance of Maltazard", "Princess Protection Program"], "qText": "what movies has selena gomez starred in?"},
 {"qId": "wqr003202", "answers": ["Chason Schirmer", "Tobe Sexton", "Robert Englund"], "qText": "who played freddy in friday the 13th?"},
 {"qId": "wqr003206", "answers": ["Beowulf", "Cleopatra", "A Mighty Heart", "Changeling", "Confessions of an Action Star", "Celebrity News Reels: Hollywood's Most Infamous Couples and Ugliest Breakups", "Beyond Borders", "Alice & Viril", "Angela & Viril", "Alexander"], "qText": "what movies has angelina jolie in?"},
 {"qId": "wqr003212", "answers": ["The Grudge 2", "Step Up", "Take the Lead", "Balls to the Wall", "Fab Five: The Texas Cheerleader Scandal", "Waterborne", "American Virgin", "Love Lies Bleeding", "Tamara", "Slightly Single in L.A."], "qText": "what movies did jenna dewan play in?"},
 {"qId": "wqr003222", "answers": ["The Twilight Saga"], "qText": "what movies did taylor lautner star in?"},
 {"qId": "wqr003226", "answers": ["Kristen Bell"], "qText": "who plays sarah marshall?"},
 {"qId": "wqr003230", "answers": ["Jamie Hector"], "qText": "who plays marlo on the wire?"},
 {"qId": "wqr003232", "answers": ["David Lewis"], "qText": "who was the first actor to play edward quartermaine?"},
 {"qId": "wqr003266", "answers": ["Beowulf", "Cleopatra", "A Mighty Heart", "Changeling", "Confessions of an Action Star", "Celebrity News Reels: Hollywood's Most Infamous Couples and Ugliest Breakups", "Beyond Borders", "Alice & Viril", "Angela & Viril", "Alexander"], "qText": "what movies did angelina jolie star in?"},
 {"qId": "wqr003273", "answers": ["Jack McBrayer"], "qText": "who plays kenneth on 30 rock?"},
 {"qId": "wqr003282", "answers": ["Him/Herself"], "qText": "who played howard stern in private parts?"},
 {"qId": "wqr003306", "answers": ["Bruno Heller"], "qText": "who plays patrick jane wife?"},
 {"qId": "wqr003337", "answers": ["Romi Park"], "qText": "who plays edward elric?"},
 {"qId": "wqr003348", "answers": ["Death the Kid", "Android 19"], "qText": "what characters does todd haberkorn voice?"},
 {"qId": "wqr003357", "answers": ["Curtains", "Smile From the Streets You Hold", "Going Inside EP", "From the Sounds Inside", "Niandra LaDes and Usually Just a T-Shirt", "DC EP", "Inside of Emptiness", "To Record Only Water for Ten Days", "Shadows Collide With People", "Demo & Acoustic Shadows Collide With People"], "qText": "what albums did john frusciante play on?"},
 {"qId": "wqr003362", "answers": ["American Equal Rights Association"], "qText": "what role did frederick douglass play in the abolition movement?"},
 {"qId": "wqr003368", "answers": ["Kristen Stewart"], "qText": "who plays bella on twilight?"},
 {"qId": "wqr003387", "answers": ["Jason David Frank"], "qText": "who plays tommy oliver in power rangers?"},
 {"qId": "wqr003405", "answers": ["Seth MacFarlane"], "qText": "who plays stewie griffin's voice?"},
 {"qId": "wqr003417", "answers": ["George McFly"], "qText": "who played marty mcfly's dad?"},
 {"qId": "wqr003423", "answers": ["Christian Bale"], "qText": "who plays john connor in terminator salvation?"},
 {"qId": "wqr003433", "answers": ["Lacey Chabert", "Mila Kunis"], "qText": "who plays the voice of meg in family guy?"},
 {"qId": "wqr003438", "answers": ["Cindy Pickett"], "qText": "who played the parents in ferris bueller day off?"},
 {"qId": "wqr003465", "answers": ["American Crude", "Air Buddies", "A Crush on You", "Brother Bear", "Back in Business", "A Night at the Roxbury", "Breakfast of Champions", "Bulworth", "Armageddon", "Brother Bear 2"], "qText": "what movies were michael clarke duncan?"},
 {"qId": "wqr003471", "answers": ["M&T Bank Stadium"], "qText": "where do the baltimore ravens play?"},
 {"qId": "wqr003477", "answers": ["Kirsten Dunst"], "qText": "who plays mary jane in spiderman 2?"},
 {"qId": "wqr003483", "answers": ["Phil Kessel"], "qText": "who are the players on the toronto maple leafs?"},
 {"qId": "wqr003505", "answers": ["Franco"], "qText": "who did james franco play on general hospital?"},
 {"qId": "wqr003507", "answers": ["Christopher Lee"], "qText": "who plays saruman in lord of the rings?"},
 {"qId": "wqr003533", "answers": ["Mark Hamill"], "qText": "who was luke skywalker played by?"},
 {"qId": "wqr003535", "answers": ["Jason Marsden"], "qText": "who does the voice of kovu in lion king?"},
 {"qId": "wqr003556", "answers": ["Greg Kihn Band", "Deep Purple", "Chickenfoot", "The G3 Jam"], "qText": "what band did joe satriani play in?"},
 {"qId": "wqr003566", "answers": ["Frank Welker"], "qText": "who plays shao kahn?"},
 {"qId": "wqr003573", "answers": ["Renee", "Megiddo: The Omega Code 2", "House of Wax", "The Lone Ranger", "Home of the Brave", "A Cinderella Story", "The Haunting in Connecticut 2: Ghosts of Georgia", "Lies in Plain Sight", "Freaky Friday"], "qText": "what does chad michael murray play in?"},
 {"qId": "wqr003593", "answers": ["Jim Henson"], "qText": "who plays kermit in the muppets movie?"},
 {"qId": "wqr003627", "answers": ["Knowing", "Triangle", "The Hunger Games", "The Expendables 2", "The Last Song", "Timeless", "Empire State", "The Hunger Games: Catching Fire", "Arabian Nights", "Love and Honor"], "qText": "what other movies has liam hemsworth?"},
 {"qId": "wqr003637", "answers": ["Jared Padalecki"], "qText": "who plays sam in anger management?"},
 {"qId": "wqr003658", "answers": ["Trombone", "Piano", "trumpet", "clarinet"], "qText": "what did john williams play?"},
 {"qId": "wqr003677", "answers": ["University of California, Los Angeles", "University of Houston", "Brooklyn College", "Columbia University School of the Arts", "Rhode Island School of Design", "Warren Wilson College", "Yale University", "Tisch School of the Arts", "Palo Alto High School"], "qText": "where did james franco study acting?"},
 {"qId": "wqr003701", "answers": ["Anthony Stewart Head"], "qText": "who plays giles in buffy the vampire slayer?"},
 {"qId": "wqr003702", "answers": ["Britt McKillip", "Kristen Wiig"], "qText": "who voices lola bunny in looney tunes?"},
 {"qId": "wqr003706", "answers": ["David Wenham"], "qText": "who plays faramir in lord of the rings?"},
 {"qId": "wqr003738", "answers": ["American Crude", "Air Buddies", "A Crush on You", "Brother Bear", "Back in Business", "A Night at the Roxbury", "Breakfast of Champions", "Bulworth", "Armageddon", "Brother Bear 2"], "qText": "what films did michael clarke duncan star in?"},
 {"qId": "wqr003767", "answers": ["New Moon", "Eclipse", "The Runaways", "Into the Wild", "Adventureland", "Twilight"], "qText": "what movies did kristen stewart act in?"}
]
