[
 {"freebaseMids": [{"concept": "Justin Bieber", "mid": "m.06w2sn5"}], "qId": "wqr000000"},
 {"freebaseMids": [{"concept": "To Fly!", "mid": "m.0k4ms"}, {"concept": "Bali", "mid": "m.01bkb"}], "qId": "wqr000020"},
 {"freebaseMids": [{"concept": "Humphrey de Cherlton", "mid": "m.0kf_tkt"}, {"concept": "Cher", "mid": "m.01vtj38"}, {"concept": "Sonny & Cher", "mid": "m.01l30xz"}, {"concept": "Gypsys, Tramps & Thieves (album)", "mid": "m.01hgckz"}, {"concept": "Cher Lloyd", "mid": "m.0h1h5ns"}, {"concept": "Cher (department)", "mid": "m.0kw03"}], "qId": "wqr000040"},
 {"freebaseMids": [{"concept": "People (magazine)", "mid": "m.02jqxw"}, {"concept": "People", "mid": "m.09g5pq"}, {"concept": "Portuguese language", "mid": "m.05zjd"}, {"concept": "Sonnets from the Portuguese", "mid": "m.0465mp"}, {"concept": "Portuguese man o' war", "mid": "m.013ysd"}, {"concept": "Portuguese people", "mid": "m.03vghh"}, {"concept": "Portugal", "mid": "m.05r4w"}], "qId": "wqr000060"},
 {"freebaseMids": [{"concept": "Vincent van Gogh", "mid": "m.07_m2"}], "qId": "wqr000080"},
 {"freebaseMids": [{"concept": "Oscar Pistorius", "mid": "m.0f1lfn"}], "qId": "wqr000100"},
 {"freebaseMids": [{"concept": "Meg Griffin", "mid": "m.035szd"}, {"concept": "Meg Ryan", "mid": "m.0dn3n"}, {"concept": "Meg (singer)", "mid": "m.05zlgjm"}, {"concept": "Meg Tilly", "mid": "m.031634"}, {"concept": "Meg Whitman", "mid": "m.037h8s"}, {"concept": "Family Guy", "mid": "m.019nnl"}], "qId": "wqr000120"},
 {"freebaseMids": [{"concept": "Arizona Cardinals", "mid": "m.0ws7"}, {"concept": "History of the Arizona Cardinals", "mid": "m.0118dj8v"}, {"concept": "History of the Chicago Cardinals", "mid": ""}], "qId": "wqr000140"},
 {"freebaseMids": [{"concept": "Paul the Apostle", "mid": "m.060nc"}, {"concept": "Copula (linguistics)", "mid": "m.01pwk"}, {"concept": "To Be (Ayumi Hamasaki song)", "mid": "m.09bwm8"}], "qId": "wqr000160"},
 {"freebaseMids": [{"concept": "High Sheriff of Lancashire", "mid": "m.03cjt_z"}, {"concept": "High Sheriff of Yorkshire", "mid": "m.025z7s5"}, {"concept": "Art of the United Kingdom", "mid": "m.04kfb7"}, {"concept": "United Kingdom", "mid": "m.07ssc"}], "qId": "wqr000180"},
 {"freebaseMids": [{"concept": "KevJumba", "mid": "m.047p6rh"}], "qId": "wqr000200"},
 {"freebaseMids": [{"concept": "Sort Of", "mid": "m.01ngb05"}, {"concept": "Government", "mid": "m.036nz"}, {"concept": "Brazil", "mid": "m.015fr"}, {"concept": "Brazil national football team", "mid": "m.01352_"}], "qId": "wqr000220"},
 {"freebaseMids": [{"concept": "List of people known as The Great", "mid": ""}, {"concept": "1906 San Francisco earthquake", "mid": "m.01f6rm"}, {"concept": "San Francisco", "mid": "m.0d6lp"}], "qId": "wqr000240"},
 {"freebaseMids": [{"concept": "Rihanna", "mid": "m.06mt91"}, {"concept": "Grow Up (Svoy album)", "mid": "m.0gx_gqd"}, {"concept": "Grow Up, Tony Phillips", "mid": "m.0zg6cnp"}, {"concept": "Grow Up (book)", "mid": "m.02rmkjg"}, {"concept": "Grow Up (The Queers album)", "mid": "m.027k273"}], "qId": "wqr000260"},
 {"freebaseMids": [{"concept": "Kakadu National Park", "mid": "m.0psgs"}], "qId": "wqr000280"},
 {"freebaseMids": [{"concept": "Ottoman Empire", "mid": "m.05kyr"}], "qId": "wqr000300"},
 {"freebaseMids": [{"concept": "Tom Cruise", "mid": "m.07r1h"}], "qId": "wqr000320"},
 {"freebaseMids": [{"concept": "You", "mid": "m.02crk5"}, {"concept": "You (Ten Sharp song)", "mid": "m.047mf2b"}, {"concept": "You (Juju album)", "mid": "m.0h1gf4z"}, {"concept": "To Know That You're Alive", "mid": "m.04ffx9h"}, {"concept": "You County", "mid": "m.080jftl"}, {"concept": "B.B. King in London", "mid": "m.03b_fvd"}, {"concept": "In London (Dewey Redman album)", "mid": "m.0gmd8bv"}, {"concept": "In London (Ravi Shankar album)", "mid": "m.06_ww6x"}, {"concept": "London", "mid": "m.04jpl"}], "qId": "wqr000340"},
 {"freebaseMids": [{"concept": "Kate Winslet", "mid": "m.0dvld"}, {"concept": "Academy Awards", "mid": "m.0g_w"}, {"concept": "Oscar De La Hoya", "mid": "m.0nk_k"}, {"concept": "Oscar I of Sweden", "mid": "m.09nxy"}, {"concept": "Oscar II of Sweden", "mid": "m.0q6r6"}, {"concept": "Oscar Wilde", "mid": "m.05np2"}], "qId": "wqr000360"},
 {"freebaseMids": [{"concept": "Pavlova (food)", "mid": "m.0hp3n"}, {"concept": "Anna Pavlova (gymnast)", "mid": "m.058kg2"}, {"concept": "Karolina Pavlova", "mid": "m.09k5g2m"}, {"concept": "Anna Pavlova (film)", "mid": "m.0gfghc3"}, {"concept": "Anna Pavlova", "mid": "m.0g_pl"}], "qId": "wqr000380"},
 {"freebaseMids": [{"concept": "Harvard College", "mid": "m.01mpwj"}, {"concept": "Harvard University", "mid": "m.03ksy"}], "qId": "wqr000400"},
 {"freebaseMids": [{"concept": "Al Gore", "mid": "m.0d05fv"}], "qId": "wqr000420"},
 {"freebaseMids": [{"concept": "Given name", "mid": ""}, {"concept": "Solomon Islands", "mid": "m.01n8qg"}, {"concept": "Louis IX of France", "mid": "m.04pv3"}, {"concept": "Division of Solomon", "mid": "m.06s5q9"}, {"concept": "Solomon Burke", "mid": "m.015x10"}, {"concept": "Washington Redskins", "mid": "m.084l5"}], "qId": "wqr000440"},
 {"freebaseMids": [{"concept": "Ancient Rome", "mid": "m.02l341"}, {"concept": "Rome", "mid": "m.06c62"}], "qId": "wqr000460"},
 {"freebaseMids": [{"concept": "Kris Humphries", "mid": "m.0730b4"}, {"concept": "National Basketball Association", "mid": "m.05jvx"}], "qId": "wqr000480"},
 {"freebaseMids": [{"concept": "Ernest Shackleton", "mid": "m.0gbcz"}, {"concept": "COMEFROM", "mid": "m.03xkdh"}], "qId": "wqr000500"},
 {"freebaseMids": [{"concept": "Islam", "mid": "m.0flw86"}], "qId": "wqr000520"},
 {"freebaseMids": [{"concept": "Pixar", "mid": "m.0kk9v"}, {"concept": "Question mark", "mid": "m.0g5b7"}], "qId": "wqr000540"},
 {"freebaseMids": [{"concept": "How Many", "mid": "m.02qm2jy"}, {"concept": "College football", "mid": "m.01zff"}, {"concept": "National Collegiate Athletic Association", "mid": "m.0gh43"}], "qId": "wqr000560"},
 {"freebaseMids": [{"concept": "Taylor Lautner", "mid": "m.07ldhs"}], "qId": "wqr000580"},
 {"freebaseMids": [{"concept": "Rukia Kuchiki", "mid": "m.0765hg"}, {"concept": "Rukia (bird)", "mid": "m.02z4n4_"}, {"concept": "Fade Away (song)", "mid": "m.04052c2"}, {"concept": "Cigarettes & Alcohol", "mid": "m.053bvs"}, {"concept": "Another Animal", "mid": "m.03j12st"}, {"concept": "Fade Away (EP)", "mid": "m.0bmhs58"}, {"concept": "Fade Away (Best Coast album)", "mid": "m.0x215z4"}], "qId": "wqr000600"},
 {"freebaseMids": [{"concept": "Kurt Busch", "mid": "m.02llzy"}, {"concept": "Jordin Sparks discography", "mid": ""}], "qId": "wqr000620"},
 {"freebaseMids": [{"concept": "Chris Paul", "mid": "m.0cymln"}], "qId": "wqr000640"},
 {"freebaseMids": [{"concept": "What Happened", "mid": "m.04651r0"}, {"concept": "Justin Bieber", "mid": "m.06w2sn5"}, {"concept": "2012", "mid": ""}, {"concept": "2012 phenomenon", "mid": "m.05h3t81"}, {"concept": "2012 (film)", "mid": "m.047vnkj"}], "qId": "wqr000660"},
 {"freebaseMids": [{"concept": "Kurdish people", "mid": "m.04c28"}], "qId": "wqr000680"},
 {"freebaseMids": [{"concept": "June", "mid": "m.040fb"}, {"concept": "Juhni", "mid": "m.0yp1cv5"}, {"concept": "Juni (album)", "mid": "m.0dqg4f1"}, {"concept": "Juan de Juni", "mid": "m.03d19xm"}, {"concept": "Juni Cortez", "mid": "m.02ql73"}, {"concept": "Spy Kids: All the Time in the World", "mid": "m.0ds67cb"}], "qId": "wqr000700"},
 {"freebaseMids": [{"concept": "International trade", "mid": "m.03rv_"}, {"concept": "Water export", "mid": "m.02wb163"}, {"concept": "Major", "mid": "m.01cpkt"}, {"concept": "The Major", "mid": "m.0n8zl25"}, {"concept": "United States", "mid": "m.09c7w0"}, {"concept": "States and union territories of India", "mid": "m.0210dk"}, {"concept": "States of Nigeria", "mid": ""}, {"concept": "Administrative divisions of Mexico", "mid": "m.0m2mz"}, {"concept": "States of Brazil", "mid": ""}, {"concept": "U.S. state", "mid": "m.0d0xs"}], "qId": "wqr000720"},
 {"freebaseMids": [{"concept": "Martin Luther King, Jr.", "mid": "m.051cc"}, {"concept": "Goto", "mid": "m.01c3dh"}, {"concept": "College", "mid": "m.02p0qmm"}, {"concept": "Lists of American institutions of higher education", "mid": ""}, {"concept": "List of college athletic conferences in the United States", "mid": ""}], "qId": "wqr000740"},
 {"freebaseMids": [{"concept": "List of national legal systems", "mid": ""}, {"concept": "Germany", "mid": "m.0345h"}], "qId": "wqr000760"},
 {"freebaseMids": [{"concept": "Arabic alphabet", "mid": "m.0xn6"}, {"concept": "Morse code for non-Latin alphabets", "mid": "m.02rh2t9"}, {"concept": "Arabic Language", "mid": "m.0jzc"}], "qId": "wqr000780"},
 {"freebaseMids": [{"concept": "Lake Waynoka, Ohio", "mid": "m.027_7y_"}], "qId": "wqr000800"},
 {"freebaseMids": [{"concept": "Skip car", "mid": ""}, {"concept": "Kia Motors", "mid": "m.01cytr"}], "qId": "wqr000820"},
 {"freebaseMids": [{"concept": "ZIP code", "mid": "m.0dllr"}, {"concept": "Genetics", "mid": "m.036_2"}, {"concept": "Moorpark, California", "mid": "m.0r87z"}], "qId": "wqr000840"},
 {"freebaseMids": [{"concept": "Germany", "mid": "m.0345h"}, {"concept": "List of Latin-script digraphs", "mid": ""}, {"concept": "General Mills", "mid": "m.015z3f"}, {"concept": "General manager", "mid": "m.02y6fz"}, {"concept": "General Motors", "mid": "m.035nm"}], "qId": "wqr000860"},
 {"freebaseMids": [{"concept": "Richard Nixon", "mid": "m.06c97"}, {"concept": "For a Living", "mid": "m.03gxxht"}, {"concept": "Helium", "mid": "m.025rt79"}, {"concept": "He", "mid": "m.02p16w1"}, {"concept": "President", "mid": "m.060c4"}, {"concept": "President of the United States", "mid": "m.060d2"}], "qId": "wqr000880"},
 {"freebaseMids": [{"concept": "Henry Hudson", "mid": "m.0c065"}], "qId": "wqr000900"},
 {"freebaseMids": [{"concept": "Egyptians", "mid": "m.025tvhm"}, {"concept": "Ancient Egypt", "mid": "m.0kg9"}, {"concept": "Egypt", "mid": "m.02k54"}], "qId": "wqr000920"},
 {"freebaseMids": [{"concept": "Barack Obama", "mid": "m.02mjmr"}, {"concept": "School", "mid": "m.06zdj"}, {"concept": "School psychology", "mid": "m.02cyw5"}, {"concept": "List of schools of philosophy", "mid": ""}], "qId": "wqr000940"},
 {"freebaseMids": [{"concept": "North Dakota", "mid": "m.05fky"}], "qId": "wqr000960"},
 {"freebaseMids": [{"concept": "Todd Manning", "mid": "m.035141"}, {"concept": "On One", "mid": "m.04jb3yt"}, {"concept": "One Life to Live", "mid": "m.01y6dz"}], "qId": "wqr000980"},
 {"freebaseMids": [{"concept": "Abenaki", "mid": "m.0fb6g"}], "qId": "wqr001000"},
 {"freebaseMids": [{"concept": "Isthmus of Panama", "mid": "m.04zwft"}, {"concept": "Panama", "mid": "m.05qx1"}], "qId": "wqr001020"},
 {"freebaseMids": [{"concept": "Connecticut River", "mid": "m.01ldvs"}, {"concept": "River", "mid": "m.06cnp"}, {"concept": "Preposition and postposition", "mid": "m.01c9pk"}], "qId": "wqr001040"},
 {"freebaseMids": [{"concept": "Whois", "mid": "m.0bwnng"}, {"concept": "Susan Saint James", "mid": "m.03rp65"}, {"concept": "Susan Saint James", "mid": "m.03rp65"}, {"concept": "Saint James School (Montgomery, Alabama)", "mid": "m.0cfpcs"}, {"concept": "Saint James, Indiana", "mid": "m.03hj8t6"}, {"concept": "Saint James, Barbados", "mid": "m.058645"}, {"concept": "Saint James Parish, New Brunswick", "mid": "m.0swnwhc"}], "qId": "wqr001060"},
 {"freebaseMids": [{"concept": "Audrey Hepburn", "mid": "m.0dqcm"}], "qId": "wqr001080"},
 {"freebaseMids": [{"concept": "Gautama Buddha", "mid": "m.015k7"}, {"concept": "Buddhahood", "mid": "m.017mxt"}, {"concept": "Belief", "mid": "m.0p_1k"}], "qId": "wqr001100"},
 {"freebaseMids": [{"concept": "President", "mid": "m.060c4"}, {"concept": "President of the United States", "mid": "m.060d2"}, {"concept": "Harding Township, New Jersey", "mid": "m.0xqvj"}, {"concept": "Harding, Minnesota", "mid": "m.0w7hz"}, {"concept": "Harding, Wisconsin", "mid": "m.011503"}, {"concept": "Harding County, South Dakota", "mid": "m.0mv58"}, {"concept": "Warren G. Harding", "mid": "m.081t6"}, {"concept": "Death", "mid": "m.0294j"}], "qId": "wqr001120"},
 {"freebaseMids": [{"concept": "President of Germany (1919\u201345)", "mid": "m.024kqk"}, {"concept": "States of Germany", "mid": "m.01fv5t"}, {"concept": "Leadership", "mid": "m.025rt2s"}, {"concept": "Leader of the Opposition (United Kingdom)", "mid": "m.034vz8"}, {"concept": "Leader (comics)", "mid": "m.05ddy2"}, {"concept": "Germany", "mid": "m.0345h"}, {"concept": "World War II", "mid": "m.081pw"}], "qId": "wqr001140"},
 {"freebaseMids": [{"concept": "George W. Bush", "mid": "m.09b6zr"}, {"concept": "Office", "mid": "m.021sj1"}, {"concept": "The Office (UK TV series)", "mid": "m.08jglt"}, {"concept": "OpenOffice.org", "mid": "m.0hvp_"}, {"concept": "The Office (U.S. TV series)", "mid": "m.08jgk1"}, {"concept": "Microsoft Office", "mid": "m.052zb"}], "qId": "wqr001160"},
 {"freebaseMids": [{"concept": "Missouri", "mid": "m.04ych"}, {"concept": "Wellsville", "mid": "m.0wy41"}], "qId": "wqr001180"},
 {"freebaseMids": [{"concept": "Great Britain", "mid": "m.034cm"}, {"concept": "Kingdom of Great Britain", "mid": "m.014tss"}, {"concept": "United Kingdom", "mid": "m.07ssc"}], "qId": "wqr001200"},
 {"freebaseMids": [{"concept": "The Last Time (song)", "mid": "m.0fwqgr"}, {"concept": "The Last Time (Agnetha F\u00e4ltskog song)", "mid": "m.0f2lwc"}, {"concept": "The Last Time (film)", "mid": "m.04jcqg4"}, {"concept": "The Last Time (Taylor Swift song)", "mid": "m.0p3hkt9"}, {"concept": "The Last Time (album)", "mid": "m.07kg0mk"}, {"concept": "Chicago Bulls", "mid": "m.0jm74"}, {"concept": "Football League Championship", "mid": "m.0355pl"}, {"concept": "Championship", "mid": "m.0b4_rz"}], "qId": "wqr001220"},
 {"freebaseMids": [{"concept": "Majorca", "mid": "m.0g52z"}, {"concept": "RCD Mallorca", "mid": "m.01vqc7"}], "qId": "wqr001240"},
 {"freebaseMids": [{"concept": "Robert F. Kennedy", "mid": "m.06hx2"}], "qId": "wqr001260"},
 {"freebaseMids": [{"concept": "Naples, Florida", "mid": "m.0rk71"}], "qId": "wqr001280"},
 {"freebaseMids": [{"concept": "They", "mid": "m.02p3bp5"}, {"concept": "They (song)", "mid": "m.0frpg_"}, {"concept": "Argentina", "mid": "m.0jgd"}], "qId": "wqr001300"},
 {"freebaseMids": [{"concept": "Airplane", "mid": "m.05czz6l"}, {"concept": "Planes, Alicante", "mid": "m.06w7n7g"}, {"concept": "Albion (wherry)", "mid": "m.02rtbby"}, {"concept": "Plane (esotericism)", "mid": "m.040dyy"}, {"concept": "Planes (film)", "mid": "m.0hgm9yp"}, {"concept": "Virgin America", "mid": "m.03bwrn"}], "qId": "wqr001320"},
 {"freebaseMids": [{"concept": "Google", "mid": "m.045c7b"}, {"concept": "Google Search", "mid": "m.0387r"}], "qId": "wqr001340"},
 {"freebaseMids": [{"concept": "Outside of This", "mid": "m.04q6lc9"}, {"concept": "Outside Music", "mid": "m.0263hn8"}, {"concept": "Outside (David Bowie album)", "mid": "m.049z2h"}, {"concept": "Outside (O'Death album)", "mid": "m.0np884l"}, {"concept": "Outside (Amar album)", "mid": "m.0dqxd4m"}, {"concept": "Outside (magazine)", "mid": "m.0bcwtm"}, {"concept": "Paris", "mid": "m.05qtj"}], "qId": "wqr001360"},
 {"freebaseMids": [{"concept": "Julia Gillard", "mid": "m.02kx9r"}, {"concept": "Sham Shui Po District", "mid": "m.07tjxq"}, {"concept": "Rampura Phul", "mid": "m.0f6352"}], "qId": "wqr001380"},
 {"freebaseMids": [{"concept": "Jacob Black", "mid": "m.02qd_td"}], "qId": "wqr001400"},
 {"freebaseMids": [{"concept": "Thailand", "mid": "m.07f1x"}, {"concept": "Thailand national football team", "mid": "m.046vvc"}], "qId": "wqr001420"},
 {"freebaseMids": [{"concept": "Mary Jane Watson", "mid": "m.01ppxz"}, {"concept": "Cannabis (drug)", "mid": "m.054yc0"}, {"concept": "Mary Jane Croft", "mid": "m.062w_0"}, {"concept": "The Untouchable", "mid": "m.01kmw70"}, {"concept": "So Far, So Good... So What!", "mid": "m.01hssm8"}, {"concept": "Spider-Man 3", "mid": "m.0340hj"}], "qId": "wqr001440"},
 {"freebaseMids": [{"concept": "Whois", "mid": "m.0bwnng"}, {"concept": "Lois Griffin", "mid": "m.03pcqz"}, {"concept": "Lois Capps", "mid": "m.024tfg"}, {"concept": "Lois McMaster Bujold", "mid": "m.04r68"}, {"concept": "Lois Hole", "mid": "m.03rsb8"}, {"concept": "Lois Lowry", "mid": "m.01cd78"}, {"concept": "Family Guy", "mid": "m.019nnl"}], "qId": "wqr001460"},
 {"freebaseMids": [{"concept": "Tourist attraction", "mid": "m.0pgl9"}, {"concept": "Houston", "mid": "m.03l2n"}], "qId": "wqr001480"},
 {"freebaseMids": [{"concept": "Annie Leibovitz", "mid": "m.015m2c"}], "qId": "wqr001500"},
 {"freebaseMids": [{"concept": "ZIP code", "mid": "m.0dllr"}, {"concept": "Genetics", "mid": "m.036_2"}, {"concept": "Ironton, Ohio", "mid": "m.0yzj3"}, {"concept": "Trenton", "mid": "m.0ytcc"}], "qId": "wqr001520"},
 {"freebaseMids": [{"concept": "Whois", "mid": "m.0bwnng"}, {"concept": "Kobe Bryant", "mid": "m.01kmd4"}], "qId": "wqr001540"},
 {"freebaseMids": [{"concept": "Charles Darwin", "mid": "m.01lwx"}], "qId": "wqr001560"},
 {"freebaseMids": [{"concept": "Jane Austen", "mid": "m.040dv"}, {"concept": "Grow Up (Svoy album)", "mid": "m.0gx_gqd"}, {"concept": "Grow Up, Tony Phillips", "mid": "m.0zg6cnp"}, {"concept": "Grow Up (book)", "mid": "m.02rmkjg"}, {"concept": "Grow Up (The Queers album)", "mid": "m.027k273"}], "qId": "wqr001580"},
 {"freebaseMids": [{"concept": "Target Corporation", "mid": "m.01b39j"}, {"concept": "Target Books", "mid": "m.03r0b9"}, {"concept": "Target (UK TV series)", "mid": "m.027gtw1"}, {"concept": "Target Field", "mid": "m.0d7d2p"}, {"concept": "Target Center", "mid": "m.01jds_"}, {"concept": "Alhambra", "mid": "m.07h_j"}, {"concept": "Alhambra, California", "mid": "m.0q_wd"}], "qId": "wqr001600"},
 {"freebaseMids": [{"concept": "Tony Award for Best Play", "mid": "m.01l78d"}, {"concept": "Best Play ESPY Award", "mid": "m.02qwxyn"}, {"concept": "Helpmann Award for Best Play", "mid": "m.0h7q1fb"}, {"concept": "The Best (song)", "mid": "m.0dqmvd"}, {"concept": "The Best (Despina Vandi album)", "mid": "m.03qg7t_"}, {"concept": "Best (Portuguese footballer)", "mid": "m.04jct3d"}, {"concept": "Best, Netherlands", "mid": "m.0vl54"}, {"concept": "Best (Mika Nakashima album)", "mid": "m.01pp3r7"}, {"concept": "Take-out", "mid": "m.01w53b"}, {"concept": "Germany", "mid": "m.0345h"}], "qId": "wqr001620"},
 {"freebaseMids": [{"concept": "Francisco Pizarro", "mid": "m.0fctd"}, {"concept": "David Pizarro", "mid": "m.077976"}, {"concept": "Claudio Pizarro", "mid": "m.04bj9t"}], "qId": "wqr001640"},
 {"freebaseMids": [{"concept": "Time management", "mid": "m.07n4p"}, {"concept": "Mount Baldy (Arizona)", "mid": "m.02rw76g"}, {"concept": "Mount Baldy, California", "mid": "m.09gc6z7"}, {"concept": "Mount Baldy Ski Area", "mid": "m.02qsv_b"}, {"concept": "Mount Baldy (Nevada)", "mid": "m.0fpjn88"}, {"concept": "Mount Baldy (Alberta)", "mid": "m.054dhr"}], "qId": "wqr001660"},
 {"freebaseMids": [{"concept": "Whois", "mid": "m.0bwnng"}, {"concept": "The Ravens", "mid": "m.01tys6s"}, {"concept": "2012", "mid": ""}, {"concept": "2012 phenomenon", "mid": "m.05h3t81"}, {"concept": "2012 (film)", "mid": "m.047vnkj"}, {"concept": "Baltimore Ravens", "mid": "m.01ct6"}], "qId": "wqr001680"},
 {"freebaseMids": [{"concept": "Estelle (musician)", "mid": "m.01v_6_1"}, {"concept": "List of Seinfeld minor characters", "mid": ""}, {"concept": "Princess Estelle, Duchess of \u00d6sterg\u00f6tland", "mid": "m.0j2szn7"}, {"concept": "Estelle, Louisiana", "mid": "m.0tkzt"}, {"concept": "Don Estelle", "mid": "m.01q4wx"}, {"concept": "Coronation Street", "mid": "m.01_2n"}, {"concept": "Stella Artois", "mid": "m.071mw"}], "qId": "wqr001700"},
 {"freebaseMids": [{"concept": "Cam Newton", "mid": "m.02phnp7"}, {"concept": "Cam Newton (ice hockey)", "mid": "m.05s_hg2"}], "qId": "wqr001720"},
 {"freebaseMids": [{"concept": "Neil Armstrong", "mid": "m.05b6w"}, {"concept": "Neil Bush", "mid": "m.01kbc1"}, {"concept": "Neil", "mid": ""}, {"concept": "On the Moon", "mid": "m.025whg3"}], "qId": "wqr001740"},
 {"freebaseMids": [{"concept": "Marco Polo", "mid": "m.04wwh"}], "qId": "wqr001760"},
 {"freebaseMids": [{"concept": "Glossary of vexillology", "mid": ""}, {"concept": "Use case", "mid": "m.01rs9z"}, {"concept": "Bisphenol A", "mid": "m.03y6j0"}, {"concept": "User story", "mid": "m.07vtf7"}, {"concept": "Use\u2013mention distinction", "mid": "m.0179rp"}, {"concept": "Brazil", "mid": "m.015fr"}], "qId": "wqr001780"},
 {"freebaseMids": [{"concept": "Muharram", "mid": "m.0296bf"}, {"concept": "Day of Ashura", "mid": "m.02gk03"}, {"concept": "2011", "mid": ""}], "qId": "wqr001800"},
 {"freebaseMids": [{"concept": "Mexico", "mid": "m.0b90_r"}], "qId": "wqr001820"},
 {"freebaseMids": [{"concept": "Lincolnshire", "mid": "m.0dzz_"}, {"concept": "Lincoln, Nebraska", "mid": "m.04gxf"}, {"concept": "Abraham Lincoln", "mid": "m.0gzh"}, {"concept": "Lincoln, England", "mid": "m.04jt2"}, {"concept": "Lincoln City F.C.", "mid": "m.02b16p"}], "qId": "wqr001840"},
 {"freebaseMids": [{"concept": "Kirk Cameron", "mid": "m.03106c"}, {"concept": "The Rolling Stones, Now!", "mid": "m.01hn15g"}, {"concept": "Now TV", "mid": "m.087645"}, {"concept": "Now! (Bobby Hutcherson album)", "mid": "m.01lwpq2"}, {"concept": "Now (Fireflight album)", "mid": "m.0qfxj8_"}, {"concept": "Now (newspaper)", "mid": "m.042d0t"}], "qId": "wqr001860"},
 {"freebaseMids": [{"concept": "Abraham Lincoln", "mid": "m.0gzh"}], "qId": "wqr001880"},
 {"freebaseMids": [{"concept": "Going On", "mid": "m.04f6303"}, {"concept": "Afghanistan", "mid": "m.0jdd"}, {"concept": "Right Now (Atomic Kitten album)", "mid": "m.01kxd0f"}, {"concept": "Right Now (Leon Jackson album)", "mid": "m.04myzr7"}, {"concept": "Right Now (Rihanna song)", "mid": "m.0nfvll4"}, {"concept": "Right Now (Herbie Mann song)", "mid": "m.0280cvd"}, {"concept": "Right Now (Korn song)", "mid": "m.0fkjvq"}], "qId": "wqr001900"},
 {"freebaseMids": [{"concept": "Chowchilla, California", "mid": "m.0r186"}, {"concept": "Chowchilla River", "mid": "m.0c_08m"}, {"concept": "Chowchilla Airport", "mid": "m.025z5lc"}, {"concept": "Chowchilla", "mid": "m.02x0m2k"}], "qId": "wqr001920"},
 {"freebaseMids": [{"concept": "Brian Williams", "mid": "m.030p0z"}, {"concept": "Brian Williams (sportscaster)", "mid": "m.04kl0g"}], "qId": "wqr001940"},
 {"freebaseMids": [{"concept": "The Cause", "mid": ""}, {"concept": "Cause of death", "mid": "m.0vpsw41"}, {"concept": "Sage Stallone", "mid": "m.091f9c"}], "qId": "wqr001960"},
 {"freebaseMids": [{"concept": "Has Been", "mid": "m.046dmj"}, {"concept": "Mars", "mid": "m.09cws"}, {"concept": "Mars (mythology)", "mid": "m.0cq3s"}, {"concept": "So Far (album)", "mid": "m.01kkm3n"}, {"concept": "So Far... The Best of Sin\u00e9ad O'Connor", "mid": "m.01hdvsc"}, {"concept": "Grateful Dead: So Far", "mid": "m.02rk097"}, {"concept": "Faust So Far", "mid": "m.01kkk_m"}, {"concept": "So Far (Faust song)", "mid": "m.0bbtg30"}], "qId": "wqr001980"},
 {"freebaseMids": [{"concept": "Whois", "mid": "m.0bwnng"}, {"concept": "President of France", "mid": "m.0672x"}, {"concept": "France", "mid": "m.0f8l9c"}], "qId": "wqr002000"},
 {"freebaseMids": [{"concept": "Eli Whitney", "mid": "m.02ncr"}], "qId": "wqr002020"},
 {"freebaseMids": [{"concept": "Penny (United States coin)", "mid": "m.015tzx"}], "qId": "wqr002040"},
 {"freebaseMids": [{"concept": "Government", "mid": "m.036nz"}, {"concept": "Spain", "mid": "m.06mkj"}, {"concept": "The Rolling Stones, Now!", "mid": "m.01hn15g"}, {"concept": "Now! (Bobby Hutcherson album)", "mid": "m.01lwpq2"}, {"concept": "Now TV", "mid": "m.087645"}, {"concept": "Now (Fireflight album)", "mid": "m.0qfxj8_"}, {"concept": "Now (newspaper)", "mid": "m.042d0t"}], "qId": "wqr002060"},
 {"freebaseMids": [{"concept": "Art movement", "mid": "m.01h8mp"}, {"concept": "Vincent van Gogh", "mid": "m.07_m2"}, {"concept": "Apartness relation", "mid": "m.026f_b9"}, {"concept": "2008\u201309 Chelsea F.C. season", "mid": ""}], "qId": "wqr002080"},
 {"freebaseMids": [{"concept": "Brembo", "mid": "m.07l6ny"}], "qId": "wqr002100"},
 {"freebaseMids": [{"concept": "Gregor Mendel", "mid": "m.039c5"}, {"concept": "L. Mendel Rivers", "mid": "m.03ts4c"}, {"concept": "Mendel Jackson Davis", "mid": "m.02r4gz9"}, {"concept": "Mitchell Schwartz", "mid": "m.0j464n7"}, {"concept": "Felix Mendelssohn", "mid": "m.0k4gf"}], "qId": "wqr002120"},
 {"freebaseMids": [{"concept": "Brittany Murphy", "mid": "m.0168dy"}], "qId": "wqr002140"},
 {"freebaseMids": [{"concept": "Robert Hooke", "mid": "m.0d6j4"}, {"concept": "Poems by Edgar Allan Poe", "mid": "m.0117tm_y"}], "qId": "wqr002160"},
 {"freebaseMids": [{"concept": "Arthur Conan Doyle", "mid": "m.0ky1"}, {"concept": "Sham Shui Po District", "mid": "m.07tjxq"}, {"concept": "Rampura Phul", "mid": "m.0f6352"}], "qId": "wqr002180"},
 {"freebaseMids": [{"concept": "Burne Hogarth", "mid": "m.03cq6v"}], "qId": "wqr002200"},
 {"freebaseMids": [{"concept": "New York Yankees", "mid": "m.0cqt41"}, {"concept": "Yankee", "mid": "m.09qb2"}], "qId": "wqr002220"},
 {"freebaseMids": [{"concept": "Whois", "mid": "m.0bwnng"}, {"concept": "United Nations Economic and Social Council", "mid": "m.07vpr"}, {"concept": "Heather Knight (educator)", "mid": "m.0glrb20"}, {"concept": "Mahmoud Abbas", "mid": "m.01html"}, {"concept": "List of Presidents of the Dominican Republic", "mid": ""}, {"concept": "2011", "mid": ""}, {"concept": "Dominican Republic", "mid": "m.027rn"}], "qId": "wqr002240"},
 {"freebaseMids": [{"concept": "William Howard Taft", "mid": "m.083pr"}, {"concept": "Goto", "mid": "m.01c3dh"}, {"concept": "High school", "mid": "m.0bpgx"}], "qId": "wqr002260"},
 {"freebaseMids": [{"concept": "List of districts of India", "mid": ""}, {"concept": "Headquarters", "mid": "m.037rzs"}, {"concept": "Headquarters (album)", "mid": "m.0dvy654"}, {"concept": "United Nations", "mid": "m.07t65"}, {"concept": "Found (band)", "mid": "m.01wdnks"}, {"concept": "Found (novel)", "mid": "m.04t0mlv"}, {"concept": "Found Aircraft", "mid": "m.02pn2mk"}, {"concept": "Found (Rossetti)", "mid": "m.0j28tky"}, {"concept": "Found (album)", "mid": "m.0q3_bkc"}], "qId": "wqr002280"},
 {"freebaseMids": [{"concept": "Dr. Seuss", "mid": "m.02g3w"}], "qId": "wqr002300"},
 {"freebaseMids": [{"concept": "2010\u201311 FA Cup", "mid": "m.0cc93y5"}, {"concept": "2001", "mid": ""}, {"concept": "FA Cup", "mid": "m.02_p0"}], "qId": "wqr002320"},
 {"freebaseMids": [{"concept": "Eli Whitney", "mid": "m.02ncr"}, {"concept": "Eli Whitney", "mid": "m.02ncr"}], "qId": "wqr002340"},
 {"freebaseMids": [{"concept": "Emmitt Smith", "mid": "m.01480y"}], "qId": "wqr002360"},
 {"freebaseMids": [{"concept": "Karl Marx", "mid": "m.048cl"}], "qId": "wqr002380"},
 {"freebaseMids": [{"concept": "Indiana Jones", "mid": "m.03ttl"}, {"concept": "Indiana Jones (franchise)", "mid": "m.02rxf10"}, {"concept": "Raiders of the Lost Ark", "mid": "m.0f4yh"}, {"concept": "Raiders of the Lost Ark (video game)", "mid": "m.09gb9k"}], "qId": "wqr002400"},
 {"freebaseMids": [{"concept": "Muslim", "mid": "m.04y29"}, {"concept": "Goto", "mid": "m.01c3dh"}, {"concept": "Worship", "mid": "m.0j7qj"}, {"concept": "Worship in Hinduism", "mid": "m.0bwht89"}, {"concept": "Christian worship", "mid": "m.05mxvl"}, {"concept": "Islam", "mid": "m.0flw86"}], "qId": "wqr002420"},
 {"freebaseMids": [{"concept": "Who the *$&% Is Jackson Pollock?", "mid": "m.026_hnv"}, {"concept": "Voice of Eye", "mid": "m.01q1x46"}, {"concept": "Peter Griffin", "mid": "m.03n6jv"}], "qId": "wqr002440"},
 {"freebaseMids": [{"concept": "The Capital", "mid": "m.091ppl"}, {"concept": "History of ancient Israel and Judah", "mid": "m.011b5tls"}, {"concept": "Israel", "mid": "m.03spz"}], "qId": "wqr002460"},
 {"freebaseMids": [{"concept": "Time zone", "mid": "m.07llf"}, {"concept": "Toronto City Hall", "mid": "m.03cxyf"}, {"concept": "Toronto", "mid": "m.0h7h6"}], "qId": "wqr002480"},
 {"freebaseMids": [{"concept": "Zach Galifianakis", "mid": "m.02_0d2"}, {"concept": "The Hangover", "mid": "m.05p1tzf"}, {"concept": "Hangover", "mid": "m.03j2d"}, {"concept": "Hangover", "mid": "m.03j2d"}], "qId": "wqr002500"},
 {"freebaseMids": [{"concept": "Gregor Mendel", "mid": "m.039c5"}], "qId": "wqr002520"},
 {"freebaseMids": [{"concept": "Claude Monet", "mid": "m.01xnj"}], "qId": "wqr002540"},
 {"freebaseMids": [{"concept": "The Actual (novel)", "mid": "m.0282gxh"}, {"concept": "The Actual (band)", "mid": "m.0739_y"}, {"concept": "Time zone", "mid": "m.07llf"}, {"concept": "The Rolling Stones, Now!", "mid": "m.01hn15g"}, {"concept": "Now (Fireflight album)", "mid": "m.0qfxj8_"}, {"concept": "Now! (Bobby Hutcherson album)", "mid": "m.01lwpq2"}, {"concept": "Now TV", "mid": "m.087645"}, {"concept": "Now (newspaper)", "mid": "m.042d0t"}, {"concept": "United Kingdom", "mid": "m.07ssc"}, {"concept": "UK (band)", "mid": "m.03qj9t"}, {"concept": "Ukrainian language", "mid": "m.0cjk9"}, {"concept": "University of Kentucky", "mid": "m.01ptt7"}, {"concept": "Uttarakhand", "mid": "m.050tt8"}], "qId": "wqr002560"},
 {"freebaseMids": [{"concept": "The Four (TV series)", "mid": "m.04gp65t"}, {"concept": "The Four (film)", "mid": "m.0v135pp"}, {"concept": "List of Forgotten Realms characters", "mid": ""}, {"concept": "Harry Potter", "mid": "m.078ffw"}, {"concept": "Ephraim B. Potter House", "mid": "m.0ddh845"}, {"concept": "Potter House (St. Petersburg, Florida)", "mid": "m.01xlnjq"}, {"concept": "Skene Manor", "mid": "m.0c42fwy"}, {"concept": "Potter House (Rock Island, Illinois)", "mid": "m.0gk_vch"}, {"concept": "Arnold Potter House", "mid": "m.09g6rf1"}, {"concept": "Hogwarts School of Witchcraft and Wizardry", "mid": "m.0cb3n"}], "qId": "wqr002580"},
 {"freebaseMids": [{"concept": "Whitney Houston", "mid": "m.086qd"}, {"concept": "She Died", "mid": "m.010fdw74"}, {"concept": "Death", "mid": "m.0294j"}], "qId": "wqr002600"},
 {"freebaseMids": [{"concept": "You", "mid": "m.02crk5"}, {"concept": "You (Juju album)", "mid": "m.0h1gf4z"}, {"concept": "To Know That You're Alive", "mid": "m.04ffx9h"}, {"concept": "You County", "mid": "m.080jftl"}, {"concept": "You (Ten Sharp song)", "mid": "m.047mf2b"}, {"concept": "Amazon Kindle", "mid": "m.03d068f"}, {"concept": "Amazon.com", "mid": "m.0mgkg"}], "qId": "wqr002620"},
 {"freebaseMids": [{"concept": "Poetry", "mid": "m.05qgc"}, {"concept": "Poetry (magazine)", "mid": "m.044_lg"}, {"concept": "Buddhist poetry", "mid": "m.04_0g5w"}, {"concept": "John Donne", "mid": "m.0413p"}], "qId": "wqr002640"},
 {"freebaseMids": [{"concept": "Goon Affiliated", "mid": "m.09ghzmf"}, {"concept": "Rottweiler", "mid": "m.01nw62"}], "qId": "wqr002660"},
 {"freebaseMids": [{"concept": "Abraham Lincoln", "mid": "m.0gzh"}], "qId": "wqr002680"},
 {"freebaseMids": [{"concept": "Hungary", "mid": "m.03gj2"}, {"concept": "Hungary national football team", "mid": "m.0329kn"}], "qId": "wqr002700"},
 {"freebaseMids": [{"concept": "Joe Montana", "mid": "m.01r6hc"}], "qId": "wqr002720"},
 {"freebaseMids": [{"concept": "Alan Parrish", "mid": ""}, {"concept": "Jumanji", "mid": "m.09w353"}], "qId": "wqr002740"},
 {"freebaseMids": [{"concept": "Arizona Diamondbacks", "mid": "m.0x0d"}], "qId": "wqr002760"},
 {"freebaseMids": [{"concept": "Riddell", "mid": "m.02702hh"}], "qId": "wqr002780"},
 {"freebaseMids": [{"concept": "Matt Bomer", "mid": "m.03pmk3"}], "qId": "wqr002800"},
 {"freebaseMids": [{"concept": "Roger Sherman", "mid": "m.01mp_3"}, {"concept": "For a Living", "mid": "m.03gxxht"}], "qId": "wqr002820"},
 {"freebaseMids": [{"concept": "Christina Aguilera", "mid": "m.0127s7"}, {"concept": "Christina Aguilera (album)", "mid": "m.01hkq0w"}], "qId": "wqr002840"},
 {"freebaseMids": [{"concept": "Linguistic imperialism", "mid": "m.01lkz0"}, {"concept": "Jamaica", "mid": "m.03_r3"}], "qId": "wqr002860"},
 {"freebaseMids": [{"concept": "Anne Frank", "mid": "m.03d9rk"}], "qId": "wqr002880"},
 {"freebaseMids": [{"concept": "Time zone", "mid": "m.07llf"}, {"concept": "Minnesota", "mid": "m.04ykg"}], "qId": "wqr002900"},
 {"freebaseMids": [{"concept": "Frida Kahlo", "mid": "m.015k04"}, {"concept": "The Rolling Stones, Now!", "mid": "m.01hn15g"}, {"concept": "Now TV", "mid": "m.087645"}, {"concept": "Now! (Bobby Hutcherson album)", "mid": "m.01lwpq2"}, {"concept": "Now (Fireflight album)", "mid": "m.0qfxj8_"}, {"concept": "Now (newspaper)", "mid": "m.042d0t"}], "qId": "wqr002920"},
 {"freebaseMids": [{"concept": "Jordan River", "mid": "m.0cvy5"}, {"concept": "Jordan River (Utah)", "mid": "m.02fl_m"}], "qId": "wqr002940"},
 {"freebaseMids": [{"concept": "Fran\u00e7ois Duvalier", "mid": "m.0jb64"}, {"concept": "Real life", "mid": "m.01jjpg"}, {"concept": "In Real Life", "mid": "m.0df0rw"}], "qId": "wqr002960"},
 {"freebaseMids": [{"concept": "In Japan! (Buck Owens album)", "mid": "m.01m5n6z"}, {"concept": "The Jackson 5 in Japan", "mid": "m.06r9fx"}, {"concept": "In Japan (Mr. Big album)", "mid": "m.01kn7z4"}, {"concept": "Japan", "mid": "m.03_3d"}], "qId": "wqr002980"},
 {"freebaseMids": [{"concept": "Language", "mid": "m.04g7d"}, {"concept": "China", "mid": "m.0d05w3"}], "qId": "wqr003000"},
 {"freebaseMids": [{"concept": "Irish people", "mid": "m.03bkbh"}, {"concept": "List of Irish people", "mid": ""}, {"concept": "The Sunday People", "mid": "m.032z17"}], "qId": "wqr003020"},
 {"freebaseMids": [{"concept": "People (magazine)", "mid": "m.02jqxw"}, {"concept": "People", "mid": "m.09g5pq"}, {"concept": "Burmese language", "mid": "m.01xrrm"}, {"concept": "Mon script", "mid": "m.010fgz2r"}, {"concept": "Burmese python", "mid": "m.03dzlg"}, {"concept": "Burmese (horse)", "mid": "m.0c4fc1"}, {"concept": "Burmese (cat)", "mid": "m.01mvkt"}], "qId": "wqr003040"},
 {"freebaseMids": [{"concept": "The Band", "mid": "m.07m4c"}, {"concept": "Musical ensemble", "mid": "m.05229"}, {"concept": "Rede Bandeirantes", "mid": "m.0kqrdh"}, {"concept": "Band, Mure\u0219", "mid": "m.02vm7md"}, {"concept": "The Band (album)", "mid": "m.01c1_f"}, {"concept": "Metallica", "mid": "m.04rcr"}], "qId": "wqr003060"},
 {"freebaseMids": [{"concept": "1948 Arab\u2013Israeli War", "mid": "m.090bv"}, {"concept": "Arab\u2013Israeli conflict", "mid": "m.012d8"}], "qId": "wqr003080"},
 {"freebaseMids": [{"concept": "Dominican Republic", "mid": "m.027rn"}], "qId": "wqr003100"},
 {"freebaseMids": [{"concept": "Story arcs in Doctor Who", "mid": ""}, {"concept": "Master (Doctor Who)", "mid": "m.014czn"}, {"concept": "Doctor Who", "mid": "m.0wp920q"}], "qId": "wqr003120"},
 {"freebaseMids": [{"concept": "Coal Run Village, Kentucky", "mid": "m.0thrv"}, {"concept": "Political system", "mid": "m.01m3v_"}, {"concept": "Politics of Germany", "mid": "m.011bm5v8"}, {"concept": "Iran", "mid": "m.03shp"}], "qId": "wqr003140"},
 {"freebaseMids": [{"concept": "Brazil", "mid": "m.015fr"}, {"concept": "Brazil national football team", "mid": "m.01352_"}], "qId": "wqr003160"},
 {"freebaseMids": [{"concept": "Coal Run Village, Kentucky", "mid": "m.0thrv"}, {"concept": "Political system", "mid": "m.01m3v_"}, {"concept": "Politics of Germany", "mid": "m.011bm5v8"}, {"concept": "Spain", "mid": "m.06mkj"}], "qId": "wqr003180"},
 {"freebaseMids": [{"concept": "Whois", "mid": "m.0bwnng"}, {"concept": "2011", "mid": ""}, {"concept": "Heisman Trophy", "mid": "m.01q9mk"}], "qId": "wqr003200"},
 {"freebaseMids": [{"concept": "Michael Bubl\u00e9", "mid": "m.02xkkq"}], "qId": "wqr003220"},
 {"freebaseMids": [{"concept": "Juan Ponce de Le\u00f3n", "mid": "m.0123f1"}, {"concept": "Daniel Ponce de Le\u00f3n", "mid": "m.0fsjvz"}, {"concept": "Fernando Ponce de Le\u00f3n", "mid": "m.0bwksyl"}, {"concept": "Nicol\u00e1s Ponce de Le\u00f3n", "mid": "m.0ch2707"}, {"concept": "Juan Ponce de Le\u00f3n II", "mid": "m.0331z3"}], "qId": "wqr003240"},
 {"freebaseMids": [{"concept": "Government", "mid": "m.036nz"}, {"concept": "Vietnam", "mid": "m.01crd5"}, {"concept": "Vietnam national football team", "mid": "m.04b6sy"}, {"concept": "Vietnam War", "mid": "m.07_nf"}], "qId": "wqr003260"},
 {"freebaseMids": [{"concept": "Pittsburgh Steelers", "mid": "m.05tfm"}, {"concept": "Football team", "mid": "m.02xsf"}], "qId": "wqr003280"},
 {"freebaseMids": [{"concept": "Rihanna", "mid": "m.06mt91"}, {"concept": "Ethnic group", "mid": "m.0q9wb"}], "qId": "wqr003300"},
 {"freebaseMids": [{"concept": "Ownership", "mid": "m.01fb8r"}, {"concept": "List of professional sports team owners", "mid": ""}, {"concept": "KFC", "mid": "m.09b6t"}], "qId": "wqr003320"},
 {"freebaseMids": [{"concept": "OK Go (album)", "mid": "m.01m78ft"}, {"concept": "Chicago", "mid": "m.01_d4"}, {"concept": "This Weekend", "mid": "m.0g64fn"}, {"concept": "Kids (film)", "mid": "m.02ww1t"}, {"concept": "Kid Ory", "mid": "m.0p3yz"}, {"concept": "Kid Gleason", "mid": "m.031t7f"}, {"concept": "Kid Cudi", "mid": "m.04n2vgk"}, {"concept": "Kid Rock", "mid": "m.01vw20_"}], "qId": "wqr003340"},
 {"freebaseMids": [{"concept": "Judicial system of Turkey", "mid": "m.08gdb_"}, {"concept": "List of national legal systems", "mid": ""}, {"concept": "Australia", "mid": "m.0chghy"}], "qId": "wqr003360"},
 {"freebaseMids": [{"concept": "Ukraine", "mid": "m.07t21"}, {"concept": "Ukrainian Soviet Socialist Republic", "mid": "m.0212ny"}], "qId": "wqr003380"},
 {"freebaseMids": [{"concept": "Stewie Griffin", "mid": "m.02m29p"}, {"concept": "Family Guy", "mid": "m.019nnl"}], "qId": "wqr003400"},
 {"freebaseMids": [{"concept": "Wang Yangming", "mid": "m.02xb9k"}, {"concept": "Boards of Canada", "mid": "m.0prx6"}, {"concept": "List of airports in South Dakota", "mid": ""}, {"concept": "List of airports in Nebraska", "mid": ""}, {"concept": "Port of Barcelona", "mid": "m.09jh7g"}, {"concept": "Barcelona", "mid": "m.01f62"}], "qId": "wqr003420"},
 {"freebaseMids": [{"concept": "Should I Stay or Should I Go", "mid": "m.09q_cy"}, {"concept": "Venice", "mid": "m.07_pf"}, {"concept": "Venice, Los Angeles", "mid": "m.07_fl"}, {"concept": "Republic of Venice", "mid": "m.02wm6l"}], "qId": "wqr003440"},
 {"freebaseMids": [{"concept": "Country Is", "mid": "m.09k4kcn"}, {"concept": "France", "mid": "m.0f8l9c"}], "qId": "wqr003460"},
 {"freebaseMids": [{"concept": "Mary Kay", "mid": "m.05d8vj"}], "qId": "wqr003480"},
 {"freebaseMids": [{"concept": "Simba", "mid": "m.03wjyj"}, {"concept": "Simba Makoni", "mid": "m.02wvdp0"}, {"concept": "Simba Technologies", "mid": "m.027xlfv"}, {"concept": "Simba Rebellion", "mid": "m.05pbv3l"}, {"concept": "Simba (film)", "mid": "m.0bwgvd6"}], "qId": "wqr003500"},
 {"freebaseMids": [{"concept": "The First (album)", "mid": "m.02x3sd6"}, {"concept": "The First (musical)", "mid": "m.0273dzn"}, {"concept": "The First 48", "mid": "m.02pp3b2"}, {"concept": "Ford Motor Company", "mid": "m.02zs4"}], "qId": "wqr003520"},
 {"freebaseMids": [{"concept": "New York Mets", "mid": "m.05g76"}, {"concept": "Jermaine Pennant", "mid": "m.03_979"}, {"concept": "Pennant, Powys", "mid": "m.0gg6xwm"}, {"concept": "Pennant Hills, New South Wales", "mid": "m.046xhl"}, {"concept": "Pennant, Saskatchewan", "mid": "m.03nt3m2"}, {"concept": "Thomas Pennant", "mid": "m.01_hvl"}], "qId": "wqr003540"},
 {"freebaseMids": [{"concept": "Second Epistle to Timothy", "mid": "m.05t38r"}, {"concept": "Second Epistle to Timothy", "mid": "m.05t38r"}, {"concept": "Saint Timothy", "mid": "m.07m3f"}], "qId": "wqr003560"},
 {"freebaseMids": [{"concept": "Fred West", "mid": "m.01cjf6"}], "qId": "wqr003580"},
 {"freebaseMids": [{"concept": "Nelson Mandela", "mid": "m.05g7q"}], "qId": "wqr003600"},
 {"freebaseMids": [{"concept": "Currency", "mid": "m.01q7l"}, {"concept": "Panama", "mid": "m.05qx1"}], "qId": "wqr003620"},
 {"freebaseMids": [{"concept": "Voting system", "mid": "m.07_63"}, {"concept": "Australia", "mid": "m.0chghy"}], "qId": "wqr003640"},
 {"freebaseMids": [{"concept": "Southwest Airlines", "mid": "m.0gztl"}], "qId": "wqr003660"},
 {"freebaseMids": [{"concept": "New Zealand", "mid": "m.0ctw_b"}], "qId": "wqr003680"},
 {"freebaseMids": [{"concept": "Coal Run Village, Kentucky", "mid": "m.0thrv"}, {"concept": "Political system", "mid": "m.01m3v_"}, {"concept": "Politics of Germany", "mid": "m.011bm5v8"}, {"concept": "Canada", "mid": "m.0d060g"}], "qId": "wqr003700"},
 {"freebaseMids": [{"concept": "Netherlands", "mid": "m.059j2"}, {"concept": "Netherlands national football team", "mid": "m.02ltg3"}], "qId": "wqr003720"},
 {"freebaseMids": [{"concept": "Major", "mid": "m.01cpkt"}, {"concept": "The Major", "mid": "m.0n8zl25"}, {"concept": "Canada", "mid": "m.0d060g"}], "qId": "wqr003740"},
 {"freebaseMids": [{"concept": "Angelina Jolie", "mid": "m.0f4vbz"}], "qId": "wqr003760"}
]
