[
 {"qId": "wqr000000", "relPaths": [[["/people/person/sibling_s", "/people/sibling_relationship/sibling"], 2]]},
 {"qId": "wqr000020", "relPaths": []},
 {"qId": "wqr000040", "relPaths": [[["/people/person/children"], 2]]},
 {"qId": "wqr000060", "relPaths": [[["/language/human_language/countries_spoken_in"], 10], [["/location/statistical_region/places_exported_to", "/location/imports_and_exports/exported_to"], 2], [["/language/human_language/main_country"], 1], [["/type/object/name"], 1]]},
 {"qId": "wqr000080", "relPaths": [[["/influence/influence_node/influenced_by"], 9]]},
 {"qId": "wqr000100", "relPaths": []},
 {"qId": "wqr000120", "relPaths": [[["/tv/tv_character/appeared_in_tv_program", "/tv/regular_tv_appearance/actor", "/tv/regular_tv_appearance/seasons"], 10], [["/film/film_character/portrayed_in_films", "/film/performance/actor", "/film/performance/film"], 3], [["/film/film_character/portrayed_in_films", "/film/performance/actor"], 2], [["/cvg/game_character/games", "/cvg/game_performance/voice_actor", "/cvg/game_performance/game"], 1], [["/tv/tv_character/appeared_in_tv_episodes", "/tv/tv_guest_role/actor"], 1], [["/tv/tv_character/appeared_in_tv_program", "/tv/regular_tv_appearance/actor", "/tv/regular_tv_appearance/series"], 1], [["/tv/tv_program/regular_cast", "/tv/regular_tv_appearance/actor", "/tv/regular_tv_appearance/character"], 1]]},
 {"qId": "wqr000140", "relPaths": [[["/sports/sports_team/arena_stadium"], 1], [["/sports/sports_team/venue", "/sports/team_venue_relationship/venue"], 1]]},
 {"qId": "wqr000160", "relPaths": []},
 {"qId": "wqr000180", "relPaths": [[["/location/location/containedby"], 3]]},
 {"qId": "wqr000200", "relPaths": [[["/people/person/education", "/education/education/institution"], 1]]},
 {"qId": "wqr000220", "relPaths": [[["/location/country/form_of_government"], 3]]},
 {"qId": "wqr000240", "relPaths": [[["/location/location/events"], 1], [["/type/object/name"], 1]]},
 {"qId": "wqr000260", "relPaths": [[["/music/artist/origin"], 2], [["/people/person/nationality"], 1], [["/people/person/place_of_birth"], 1], [["/people/person/places_lived", "/people/place_lived/location"], 1]]},
 {"qId": "wqr000280", "relPaths": [[["/location/location/containedby"], 1]]},
 {"qId": "wqr000300", "relPaths": [[["/location/location/containedby"], 1]]},
 {"qId": "wqr000320", "relPaths": [[["/people/person/place_of_birth"], 1], [["/people/person/places_lived", "/people/place_lived/location"], 1]]},
 {"qId": "wqr000340", "relPaths": [[["/travel/travel_destination/tourist_attractions"], 10], [["/location/location/contains"], 1]]},
 {"qId": "wqr000360", "relPaths": [[["/award/award_winner/awards_won", "/award/award_honor/honored_for"], 7], [["/award/award_nominee/award_nominations", "/award/award_nomination/nominated_for"], 1], [["/award/award_nominee/award_nominations", "/award/award_nomination/nominated_for", "/award/award_nomination/ceremony"], 1], [["/award/award_winner/awards_won", "/award/award_honor/honored_for", "/award/award_honor/ceremony"], 1]]},
 {"qId": "wqr000380", "relPaths": [[["/common/topic/notable_for"], 1], [["/food/dish/cuisine"], 1]]},
 {"qId": "wqr000400", "relPaths": [[["/location/location/containedby"], 2], [["/organization/organization/headquarters", "/location/mailing_address/state_province_region"], 2]]},
 {"qId": "wqr000420", "relPaths": [[["/government/politician/government_positions_held", "/government/government_position_held/district_represented"], 1], [["/people/person/places_lived", "/people/place_lived/location"], 1]]},
 {"qId": "wqr000440", "relPaths": [[["/organization/organization/previous_names", "/business/company_name_change/new_name"], 1], [["/sports/sports_team/previously_known_as"], 1]]},
 {"qId": "wqr000460", "relPaths": [[["/location/location/events"], 1]]},
 {"qId": "wqr000480", "relPaths": [[["/sports/pro_athlete/teams", "/sports/sports_team_roster/team"], 1]]},
 {"qId": "wqr000500", "relPaths": [[["/award/ranked_item/appears_in_ranked_lists", "/award/ranking/list"], 1]]},
 {"qId": "wqr000520", "relPaths": [[["/religion/religion/deities"], 1]]},
 {"qId": "wqr000540", "relPaths": [[["/film/production_company/films"], 10], [["/award/award_nominee/award_nominations", "/award/award_nomination/nominated_for"], 7], [["/award/award_winner/awards_won", "/award/award_honor/honored_for"], 2]]},
 {"qId": "wqr000560", "relPaths": [[["/sports/sports_league/teams", "/sports/sports_league_participation/team"], 8]]},
 {"qId": "wqr000580", "relPaths": [[["/film/actor/film", "/film/performance/film"], 8], [["/award/award_nominee/award_nominations", "/award/award_nomination/nominated_for"], 5], [["/award/award_winner/awards_won", "/award/award_honor/honored_for"], 2]]},
 {"qId": "wqr000600", "relPaths": [[["/film/film_character/portrayed_in_films", "/film/performance/film"], 1], [["/film/film_character/portrayed_in_films_dubbed", "/film/dubbing_performance/film"], 1]]},
 {"qId": "wqr000620", "relPaths": [[["/business/sponsored_recipient/sponsorship", "/business/sponsorship/sponsored_by"], 1]]},
 {"qId": "wqr000640", "relPaths": [[["/sports/pro_athlete/teams", "/sports/sports_team_roster/team"], 1]]},
 {"qId": "wqr000660", "relPaths": [[["/award/award_nominee/award_nominations", "/award/award_nomination/award", "/award/award_nomination/ceremony"], 2], [["/award/award_nominee/award_nominations", "/award/award_nomination/award", "/award/award_nomination/year"], 2], [["/award/award_winner/awards_won", "/award/award_honor/award", "/award/award_honor/ceremony"], 2], [["/award/award_winner/awards_won", "/award/award_honor/award", "/award/award_honor/year"], 2], [["/award/award_winner/awards_won", "/award/award_honor/award"], 1]]},
 {"qId": "wqr000680", "relPaths": [[["/people/ethnicity/geographic_distribution"], 1]]},
 {"qId": "wqr000700", "relPaths": [[["/film/film_character/portrayed_in_films", "/film/performance/actor"], 3], [["/film/film/starring", "/film/performance/actor", "/film/performance/character"], 1], [["/film/film_character/portrayed_in_films", "/film/performance/actor", "/film/performance/film"], 1]]},
 {"qId": "wqr000720", "relPaths": [[["/location/statistical_region/major_imports", "/location/imports_exports_by_industry/industry"], 2]]},
 {"qId": "wqr000740", "relPaths": [[["/people/person/education", "/education/education/institution", "/education/education/institution"], 1]]},
 {"qId": "wqr000760", "relPaths": [[["/location/country/form_of_government"], 1]]},
 {"qId": "wqr000780", "relPaths": [[["/language/human_language/countries_spoken_in"], 1], [["/language/human_language/main_country"], 1]]},
 {"qId": "wqr000800", "relPaths": [[["/location/location/containedby"], 2], [["/geography/lake/basin_countries"], 1]]},
 {"qId": "wqr000820", "relPaths": [[["/organization/organization/headquarters", "/location/mailing_address/citytown"], 1], [["/organization/organization/headquarters", "/location/mailing_address/state_province_region"], 1]]},
 {"qId": "wqr000840", "relPaths": [[["/location/citytown/postal_codes"], 2]]},
 {"qId": "wqr000860", "relPaths": [[["/business/consumer_company/brands", "/business/company_brand_relationship/brand"], 6], [["/organization/organization/phone_number", "/common/phone_number/note"], 4], [["/automotive/company/make_s"], 2]]},
 {"qId": "wqr000880", "relPaths": [[["/people/person/profession"], 1], [["/type/object/type"], 1]]},
 {"qId": "wqr000900", "relPaths": [[["/people/deceased_person/place_of_death"], 1], [["/symbols/name_source/namesakes"], 1]]},
 {"qId": "wqr000920", "relPaths": [[["/people/ethnicity/languages_spoken"], 5], [["/location/country/languages_spoken"], 2]]},
 {"qId": "wqr000940", "relPaths": [[["/people/person/education", "/education/education/institution", "/education/education/institution"], 5], [["/people/person/education", "/education/education/institution"], 2]]},
 {"qId": "wqr000960", "relPaths": [[["/government/political_district/representatives", "/government/government_position_held/jurisdiction_of_office"], 5], [["/location/location/containedby"], 4], [["/location/administrative_division/country"], 1], [["/location/administrative_division/first_level_division_of"], 1]]},
 {"qId": "wqr000980", "relPaths": [[["/fictional_universe/fictional_character/children"], 1], [["/fictional_universe/fictional_character/married_to", "/fictional_universe/marriage_of_fictional_characters/spouses"], 1], [["/fictional_universe/fictional_character/parents"], 1], [["/fictional_universe/fictional_character/romantically_involved_with", "/fictional_universe/romantic_involvement/partner"], 1]]},
 {"qId": "wqr001000", "relPaths": [[["/people/ethnicity/included_in_group"], 1]]},
 {"qId": "wqr001020", "relPaths": [[["/location/location/adjoin_s", "/location/adjoining_relationship/adjoins"], 1]]},
 {"qId": "wqr001040", "relPaths": [[["/location/location/partially_contained_by", "/location/partial_containment_relationship/partially_contained_by"], 4], [["/location/location/partially_containedby"], 4]]},
 {"qId": "wqr001060", "relPaths": [[["/common/topic/notable_for"], 2], [["/people/person/profession"], 2]]},
 {"qId": "wqr001080", "relPaths": [[["/people/deceased_person/cause_of_death"], 1]]},
 {"qId": "wqr001100", "relPaths": [[["/people/person/religion"], 1], [["/religion/founding_figure/religion_founded"], 1], [["/symbols/name_source/namesakes"], 1]]},
 {"qId": "wqr001120", "relPaths": [[["/government/us_president/vice_president"], 1]]},
 {"qId": "wqr001140", "relPaths": [[["/book/book_subject/works"], 1]]},
 {"qId": "wqr001160", "relPaths": []},
 {"qId": "wqr001180", "relPaths": [[["/government/political_district/representatives", "/government/government_position_held/jurisdiction_of_office"], 10], [["/location/location/containedby"], 4], [["/location/administrative_division/country"], 1], [["/location/administrative_division/first_level_division_of"], 1], [["/location/hud_county_place/county"], 1], [["/type/object/name"], 1]]},
 {"qId": "wqr001200", "relPaths": [[["/location/location/containedby"], 3], [["/type/object/name"], 1]]},
 {"qId": "wqr001220", "relPaths": [[["/sports/sports_team/championships"], 1]]},
 {"qId": "wqr001240", "relPaths": [[["/geography/island/body_of_water"], 1], [["/location/location/containedby"], 1]]},
 {"qId": "wqr001260", "relPaths": [[["/people/deceased_person/place_of_death"], 1]]},
 {"qId": "wqr001280", "relPaths": [[["/location/location/nearby_airports"], 1]]},
 {"qId": "wqr001300", "relPaths": [[["/location/country/languages_spoken"], 3], [["/location/country/official_language"], 1]]},
 {"qId": "wqr001320", "relPaths": [[["/aviation/aircraft_owner/aircraft_fleet_composition", "/aviation/aircraft_ownership_count/aircraft_model"], 2]]},
 {"qId": "wqr001340", "relPaths": [[["/organization/organization/leadership", "/common/topic/alias", "/common/topic/topical_webpage"], 10], [["/organization/organization/leadership", "/common/topic/subject_of", "/common/topic/topical_webpage"], 10], [["/organization/organization/leadership", "/common/topic/subjects", "/common/topic/topical_webpage"], 10], [["/organization/organization/leadership", "/common/topic/alias", "/common/topic/official_website"], 5], [["/organization/organization/leadership", "/common/topic/alias", "/common/topic/social_media_presence"], 5], [["/organization/organization/leadership", "/common/topic/subject_of", "/common/topic/official_website"], 5], [["/organization/organization/leadership", "/common/topic/subject_of", "/common/topic/social_media_presence"], 5], [["/organization/organization/leadership", "/common/topic/subjects", "/common/topic/official_website"], 5], [["/organization/organization/leadership", "/common/topic/subjects", "/common/topic/social_media_presence"], 5], [["/organization/organization/leadership", "/common/topic/alias", "/common/topic/subject_of"], 1], [["/organization/organization/leadership", "/common/topic/alias", "/common/topic/subjects"], 1], [["/organization/organization/leadership", "/common/topic/alias", "/type/object/key"], 1], [["/organization/organization/leadership", "/common/topic/alias", "/type/object/type"], 1], [["/organization/organization/leadership", "/common/topic/subject_of", "/common/topic/subject_of"], 1], [["/organization/organization/leadership", "/common/topic/subject_of", "/common/topic/subjects"], 1], [["/organization/organization/leadership", "/common/topic/subject_of", "/type/object/key"], 1], [["/organization/organization/leadership", "/common/topic/subject_of", "/type/object/type"], 1], [["/organization/organization/leadership", "/common/topic/subjects", "/common/topic/subject_of"], 1], [["/organization/organization/leadership", "/common/topic/subjects", "/common/topic/subjects"], 1], [["/organization/organization/leadership", "/common/topic/subjects", "/type/object/key"], 1], [["/organization/organization/leadership", "/common/topic/subjects", "/type/object/type"], 1]]},
 {"qId": "wqr001360", "relPaths": [[["/location/location/contains"], 9], [["/travel/travel_destination/tourist_attractions"], 1]]},
 {"qId": "wqr001380", "relPaths": [[["/government/politician/government_positions_held", "/government/government_position_held/basic_title"], 1]]},
 {"qId": "wqr001400", "relPaths": [[["/film/film_character/portrayed_in_films", "/film/performance/actor"], 5]]},
 {"qId": "wqr001420", "relPaths": [[["/location/country/currency_used"], 1]]},
 {"qId": "wqr001440", "relPaths": [[["/award/award_nominated_work/award_nominations", "/award/award_nomination/award_nominee"], 3], [["/film/film_character/portrayed_in_films", "/film/performance/actor"], 2], [["/film/film/starring", "/film/performance/actor", "/film/performance/character"], 1], [["/film/film_character/portrayed_in_films", "/film/performance/actor", "/film/performance/film"], 1]]},
 {"qId": "wqr001460", "relPaths": [[["/tv/tv_character/appeared_in_tv_program", "/tv/regular_tv_appearance/actor", "/tv/regular_tv_appearance/seasons"], 10], [["/film/film_character/portrayed_in_films", "/film/performance/actor"], 2], [["/film/film_character/portrayed_in_films", "/film/performance/actor", "/film/performance/film"], 1], [["/tv/tv_character/appeared_in_tv_program", "/tv/regular_tv_appearance/actor", "/tv/regular_tv_appearance/series"], 1], [["/tv/tv_program/recurring_writers", "/tv/tv_program_writer_relationship/writer"], 1], [["/tv/tv_program/regular_cast", "/tv/regular_tv_appearance/actor", "/tv/regular_tv_appearance/character"], 1]]},
 {"qId": "wqr001480", "relPaths": [[["/travel/travel_destination/tourist_attractions"], 8]]},
 {"qId": "wqr001500", "relPaths": [[["/people/person/profession"], 2], [["/common/topic/notable_for"], 1], [["/type/object/type"], 1]]},
 {"qId": "wqr001520", "relPaths": [[["/location/citytown/postal_codes"], 1]]},
 {"qId": "wqr001540", "relPaths": []},
 {"qId": "wqr001560", "relPaths": [[["/people/person/spouse_s", "/people/marriage/spouse"], 1]]},
 {"qId": "wqr001580", "relPaths": []},
 {"qId": "wqr001600", "relPaths": [[["/visual_art/art_subject/artwork_on_the_subject"], 1]]},
 {"qId": "wqr001620", "relPaths": [[["/travel/travel_destination/tourist_attractions"], 1]]},
 {"qId": "wqr001640", "relPaths": [[["/people/person/nationality"], 1]]},
 {"qId": "wqr001660", "relPaths": [[["/location/location/containedby"], 2]]},
 {"qId": "wqr001680", "relPaths": [[["/sports/professional_sports_team/draft_picks", "/sports/sports_league_draft_pick/player"], 1], [["/sports/sports_team/roster", "/sports/sports_team_roster/player"], 1]]},
 {"qId": "wqr001700", "relPaths": [[["/food/beer/beer_style"], 1]]},
 {"qId": "wqr001720", "relPaths": [[["/sports/pro_athlete/teams", "/sports/sports_team_roster/position"], 3], [["/american_football/football_player/position_s"], 1], [["/common/topic/notable_for"], 1]]},
 {"qId": "wqr001740", "relPaths": [[["/music/artist/track"], 1]]},
 {"qId": "wqr001760", "relPaths": [[["/common/topic/notable_for"], 1], [["/people/person/profession"], 1]]},
 {"qId": "wqr001780", "relPaths": [[["/location/country/languages_spoken"], 1], [["/location/country/official_language"], 1]]},
 {"qId": "wqr001800", "relPaths": [[["/time/month/calendar_system"], 1]]},
 {"qId": "wqr001820", "relPaths": [[["/location/country/currency_used"], 1]]},
 {"qId": "wqr001840", "relPaths": [[["/book/author/works_written"], 9]]},
 {"qId": "wqr001860", "relPaths": [[["/people/person/places_lived", "/people/place_lived/location"], 1]]},
 {"qId": "wqr001880", "relPaths": [[["/medicine/notable_person_with_medical_condition/condition"], 3]]},
 {"qId": "wqr001900", "relPaths": []},
 {"qId": "wqr001920", "relPaths": [[["/location/location/containedby"], 4], [["/geography/river/basin_countries"], 1], [["/location/hud_county_place/county"], 1]]},
 {"qId": "wqr001940", "relPaths": [[["/people/person/place_of_birth"], 1]]},
 {"qId": "wqr001960", "relPaths": [[["/people/deceased_person/cause_of_death"], 2]]},
 {"qId": "wqr001980", "relPaths": [[["/astronomy/celestial_object/locations"], 9]]},
 {"qId": "wqr002000", "relPaths": [[["/government/governmental_jurisdiction/governing_officials", "/government/government_position_held/appointed_by"], 2], [["/common/topic/image"], 1], [["/government/government_office_or_title/office_holders", "/government/government_position_held/office_holder", "/government/government_position_held/jurisdiction_of_office"], 1], [["/government/governmental_jurisdiction/governing_officials", "/government/government_position_held/office_holder", "/government/government_position_held/office_position_or_title"], 1]]},
 {"qId": "wqr002020", "relPaths": [[["/people/person/education", "/education/education/institution"], 1]]},
 {"qId": "wqr002040", "relPaths": [[["/common/topic/alias"], 1], [["/type/object/name"], 1]]},
 {"qId": "wqr002060", "relPaths": [[["/location/country/form_of_government"], 3]]},
 {"qId": "wqr002080", "relPaths": [[["/visual_art/visual_artist/associated_periods_or_movements"], 1]]},
 {"qId": "wqr002100", "relPaths": [[["/organization/organization/headquarters", "/location/mailing_address/state_province_region"], 1], [["/organization/organization/place_founded"], 1]]},
 {"qId": "wqr002120", "relPaths": []},
 {"qId": "wqr002140", "relPaths": [[["/people/deceased_person/cause_of_death"], 2]]},
 {"qId": "wqr002160", "relPaths": [[["/law/inventor/inventions"], 3]]},
 {"qId": "wqr002180", "relPaths": [[["/film/film_story_contributor/film_story_credits"], 2], [["/book/author/series_written_or_contributed_to"], 1], [["/fictional_universe/fictional_character_creator/fictional_characters_created"], 1]]},
 {"qId": "wqr002200", "relPaths": [[["/organization/organization_founder/organizations_founded"], 1], [["/people/person/employment_history", "/business/employment_tenure/company"], 1]]},
 {"qId": "wqr002220", "relPaths": [[["/sports/sports_team/championships"], 10]]},
 {"qId": "wqr002240", "relPaths": [[["/government/governmental_jurisdiction/governing_officials", "/government/government_position_held/office_holder"], 1]]},
 {"qId": "wqr002260", "relPaths": [[["/people/person/education", "/education/education/institution"], 1]]},
 {"qId": "wqr002280", "relPaths": [[["/organization/organization/headquarters", "/location/mailing_address/citytown"], 1]]},
 {"qId": "wqr002300", "relPaths": [[["/people/person/parents"], 1]]},
 {"qId": "wqr002320", "relPaths": [[["/sports/sports_award_type/winners", "/sports/sports_award/award_winner"], 3]]},
 {"qId": "wqr002340", "relPaths": [[["/people/person/profession"], 4], [["/common/topic/notable_for"], 2], [["/common/topic/notable_types"], 2], [["/type/object/type"], 2]]},
 {"qId": "wqr002360", "relPaths": [[["/sports/pro_athlete/teams", "/sports/sports_team_roster/team"], 2], [["/sports/pro_athlete/teams", "/sports/sports_team_roster/team", "/sports/sports_team_roster/team"], 1]]},
 {"qId": "wqr002380", "relPaths": [[["/people/deceased_person/place_of_burial"], 1]]},
 {"qId": "wqr002400", "relPaths": [[["/film/film_character/portrayed_in_films", "/film/performance/actor"], 3], [["/tv/tv_character/appeared_in_tv_episodes", "/tv/tv_guest_role/actor"], 2], [["/film/film/starring", "/film/performance/actor", "/film/performance/character"], 1], [["/film/film_character/portrayed_in_films", "/film/performance/actor", "/film/performance/film"], 1], [["/tv/tv_character/appeared_in_tv_program", "/tv/regular_tv_appearance/actor"], 1]]},
 {"qId": "wqr002420", "relPaths": [[["/religion/religion/types_of_places_of_worship"], 1]]},
 {"qId": "wqr002440", "relPaths": [[["/cvg/game_character/games", "/cvg/game_performance/voice_actor"], 1], [["/fictional_universe/fictional_character/character_created_by"], 1], [["/film/film_character/portrayed_in_films", "/film/performance/actor"], 1], [["/tv/tv_character/appeared_in_tv_program", "/tv/regular_tv_appearance/actor"], 1]]},
 {"qId": "wqr002460", "relPaths": [[["/location/country/capital"], 1], [["/location/location/contains_major_portion_of"], 1]]},
 {"qId": "wqr002480", "relPaths": []},
 {"qId": "wqr002500", "relPaths": []},
 {"qId": "wqr002520", "relPaths": [[["/people/person/profession"], 3]]},
 {"qId": "wqr002540", "relPaths": [[["/influence/influence_node/influenced_by"], 5]]},
 {"qId": "wqr002560", "relPaths": []},
 {"qId": "wqr002580", "relPaths": [[["/fictional_universe/fictional_organization/sub_organization_in_fiction"], 4]]},
 {"qId": "wqr002600", "relPaths": [[["/people/deceased_person/cause_of_death"], 1]]},
 {"qId": "wqr002620", "relPaths": [[["/business/product_line/producer_s", "/business/company_product_line_relationship/company", "/business/company_product_line_relationship/company"], 1], [["/internet/website_owner/websites_owned"], 1], [["/type/object/name"], 1]]},
 {"qId": "wqr002640", "relPaths": [[["/book/author/school_or_movement"], 1]]},
 {"qId": "wqr002660", "relPaths": [[["/biology/animal_breed/coloring"], 3]]},
 {"qId": "wqr002680", "relPaths": [[["/government/politician/government_positions_held", "/government/government_position_held/office_position_or_title"], 1]]},
 {"qId": "wqr002700", "relPaths": [[["/location/country/currency_used"], 1]]},
 {"qId": "wqr002720", "relPaths": [[["/sports/pro_athlete/teams", "/sports/sports_team_roster/team"], 1]]},
 {"qId": "wqr002740", "relPaths": [[["/award/award_nominated_work/award_nominations", "/award/award_nomination/award_nominee"], 2], [["/film/film/starring", "/film/performance/actor", "/film/performance/character"], 1]]},
 {"qId": "wqr002760", "relPaths": [[["/sports/sports_team/arena_stadium"], 1], [["/sports/sports_team/venue", "/sports/team_venue_relationship/venue"], 1]]},
 {"qId": "wqr002780", "relPaths": []},
 {"qId": "wqr002800", "relPaths": [[["/film/actor/film", "/film/performance/film"], 7], [["/award/award_nominee/award_nominations", "/award/award_nomination/nominated_for"], 2], [["/award/award_winner/awards_won", "/award/award_honor/honored_for"], 1]]},
 {"qId": "wqr002820", "relPaths": [[["/government/politician/government_positions_held", "/government/government_position_held/basic_title"], 2]]},
 {"qId": "wqr002840", "relPaths": [[["/people/person/place_of_birth"], 1]]},
 {"qId": "wqr002860", "relPaths": [[["/location/country/languages_spoken"], 1], [["/location/country/official_language"], 1]]},
 {"qId": "wqr002880", "relPaths": [[["/people/person/place_of_birth"], 1], [["/people/person/places_lived", "/people/place_lived/location"], 1]]},
 {"qId": "wqr002900", "relPaths": [[["/location/location/time_zones"], 1]]},
 {"qId": "wqr002920", "relPaths": [[["/people/deceased_person/place_of_death"], 1], [["/people/person/place_of_birth"], 1], [["/people/person/places_lived", "/people/place_lived/location"], 1], [["/people/person/spouse_s", "/people/marriage/location_of_ceremony"], 1]]},
 {"qId": "wqr002940", "relPaths": [[["/geography/river/mouth"], 1]]},
 {"qId": "wqr002960", "relPaths": [[["/government/politician/government_positions_held", "/government/government_position_held/office_position_or_title"], 2]]},
 {"qId": "wqr002980", "relPaths": [[["/biology/breed_origin/breeds_originating_here"], 1]]},
 {"qId": "wqr003000", "relPaths": [[["/location/country/languages_spoken"], 9], [["/education/field_of_study/students_majoring", "/education/education/major_field_of_study"], 1]]},
 {"qId": "wqr003020", "relPaths": [[["/people/ethnicity/languages_spoken"], 1]]},
 {"qId": "wqr003040", "relPaths": [[["/biology/animal_breed/place_of_origin"], 1], [["/common/topic/alias"], 1], [["/language/human_language/main_country"], 1]]},
 {"qId": "wqr003060", "relPaths": [[["/music/artist/origin"], 1]]},
 {"qId": "wqr003080", "relPaths": []},
 {"qId": "wqr003100", "relPaths": [[["/location/location/primarily_containedby"], 1]]},
 {"qId": "wqr003120", "relPaths": [[["/tv/tv_character/appeared_in_tv_program", "/tv/regular_tv_appearance/actor"], 1], [["/tv/tv_character/appeared_in_tv_program", "/tv/regular_tv_appearance/actor", "/tv/regular_tv_appearance/series"], 1]]},
 {"qId": "wqr003140", "relPaths": [[["/government/governmental_jurisdiction/governing_officials", "/government/government_position_held/basic_title"], 9]]},
 {"qId": "wqr003160", "relPaths": [[["/location/country/languages_spoken"], 1], [["/location/country/official_language"], 1]]},
 {"qId": "wqr003180", "relPaths": [[["/location/country/form_of_government"], 3]]},
 {"qId": "wqr003200", "relPaths": [[["/award/award_category/winners", "/award/award_honor/award_winner", "/award/award_honor/year"], 1]]},
 {"qId": "wqr003220", "relPaths": [[["/music/artist/genre"], 9], [["/common/topic/notable_for"], 1]]},
 {"qId": "wqr003240", "relPaths": [[["/people/person/nationality"], 1]]},
 {"qId": "wqr003260", "relPaths": [[["/location/country/form_of_government"], 1]]},
 {"qId": "wqr003280", "relPaths": [[["/sports/professional_sports_team/owner_s"], 1]]},
 {"qId": "wqr003300", "relPaths": [[["/people/person/ethnicity"], 1]]},
 {"qId": "wqr003320", "relPaths": [[["/organization/organization/founders"], 1]]},
 {"qId": "wqr003340", "relPaths": [[["/travel/travel_destination/tourist_attractions"], 10]]},
 {"qId": "wqr003360", "relPaths": [[["/location/country/form_of_government"], 2]]},
 {"qId": "wqr003380", "relPaths": [[["/location/country/currency_used"], 1]]},
 {"qId": "wqr003400", "relPaths": [[["/tv/tv_character/appeared_in_tv_program", "/tv/regular_tv_appearance/actor", "/tv/regular_tv_appearance/seasons"], 10], [["/tv/tv_program/regular_cast", "/tv/regular_tv_appearance/actor"], 5], [["/award/award_nominated_work/award_nominations", "/award/award_nomination/award_nominee"], 4], [["/award/award_winning_work/awards_won", "/award/award_honor/award_winner"], 2], [["/cvg/game_character/games", "/cvg/game_performance/voice_actor", "/cvg/game_performance/game"], 1], [["/fictional_universe/fictional_character/character_created_by"], 1], [["/film/film_character/portrayed_in_films", "/film/performance/actor"], 1], [["/tv/tv_character/appeared_in_tv_program", "/tv/regular_tv_appearance/actor", "/tv/regular_tv_appearance/series"], 1], [["/tv/tv_program/program_creator"], 1], [["/tv/tv_program/recurring_writers", "/tv/tv_program_writer_relationship/writer"], 1], [["/tv/tv_program/regular_cast", "/tv/regular_tv_appearance/actor", "/tv/regular_tv_appearance/character"], 1], [["/tv/tv_program/tv_producer", "/tv/tv_producer_term/producer"], 1]]},
 {"qId": "wqr003420", "relPaths": [[["/location/location/nearby_airports"], 1], [["/travel/travel_destination/how_to_get_here", "/travel/transportation/transport_terminus"], 1]]},
 {"qId": "wqr003440", "relPaths": [[["/visual_art/art_subject/artwork_on_the_subject"], 7]]},
 {"qId": "wqr003460", "relPaths": [[["/location/location/adjoin_s", "/location/adjoining_relationship/adjoins"], 10], [["/military/military_combatant/military_conflicts", "/military/military_combatant_group/combatants"], 3], [["/location/location/partially_contains"], 1], [["/location/location/partiallycontains", "/location/partial_containment_relationship/partially_contains"], 1], [["/location/statistical_region/places_exported_to", "/location/imports_and_exports/exported_to"], 1]]},
 {"qId": "wqr003480", "relPaths": [[["/business/employer/employees", "/business/employment_tenure/person"], 1], [["/organization/organization/board_members", "/organization/organization_board_membership/member"], 1], [["/organization/organization/founders"], 1]]},
 {"qId": "wqr003500", "relPaths": [[["/film/film_character/portrayed_in_films", "/film/performance/actor"], 3]]},
 {"qId": "wqr003520", "relPaths": [[["/organization/organization/headquarters", "/location/mailing_address/citytown"], 1]]},
 {"qId": "wqr003540", "relPaths": [[["/sports/sports_team/championships"], 2]]},
 {"qId": "wqr003560", "relPaths": []},
 {"qId": "wqr003580", "relPaths": [[["/common/topic/notable_for"], 1], [["/people/person/profession"], 1]]},
 {"qId": "wqr003600", "relPaths": [[["/people/person/place_of_birth"], 1]]},
 {"qId": "wqr003620", "relPaths": [[["/location/country/currency_used"], 1]]},
 {"qId": "wqr003640", "relPaths": [[["/location/country/form_of_government"], 2]]},
 {"qId": "wqr003660", "relPaths": [[["/organization/organization/founders"], 2], [["/organization/organization/board_members", "/organization/organization_board_membership/member"], 1]]},
 {"qId": "wqr003680", "relPaths": [[["/location/statistical_region/places_imported_from", "/location/imports_and_exports/imported_from"], 1]]},
 {"qId": "wqr003700", "relPaths": [[["/location/country/form_of_government"], 2]]},
 {"qId": "wqr003720", "relPaths": [[["/location/location/contains"], 1]]},
 {"qId": "wqr003740", "relPaths": [[["/location/statistical_region/major_exports", "/location/imports_exports_by_industry/industry", "/type/object/type"], 9]]},
 {"qId": "wqr003760", "relPaths": [[["/film/director/film"], 1], [["/film/producer/film"], 1], [["/film/writer/film"], 1]]}
]
